CustomerID,Gender,Age,Annual Income (BDT),Spending Score (1-100)
1,Female,47,1433469,40
2,Male,41,473216,42
3,Male,52,1353114,30
4,Male,28,1158145,95
5,Female,35,686393,80
6,Male,63,851035,14
7,Female,39,298506,48
8,Male,58,1431572,38
9,Female,27,1332071,86
10,Female,32,841762,68
11,Male,57,1410852,35
12,Female,23,1163857,71
13,Male,60,1008392,18
14,Female,33,459951,51
15,Female,25,619326,93
16,Female,65,921777,28
17,Male,58,768996,18
18,Male,20,1198385,83
19,Female,27,696946,64
20,Female,33,656700,73
21,Female,21,1162899,79
22,Male,25,1314044,90
23,Female,58,744092,23
24,Male,42,1397142,25
25,Female,37,393896,55
26,Female,30,732792,69
27,Male,30,525919,74
28,Male,40,498764,57
29,Male,28,1194146,100
30,Male,42,493699,52
31,Female,65,785153,23
32,Male,39,484469,36
33,Female,60,780843,19
34,Male,29,810350,61
35,Female,25,1281370,97
36,Male,60,893027,17
37,Female,54,1500000,36
38,Female,22,1208188,82
39,Female,29,1381020,91
40,Female,43,556725,58
41,Male,27,1093126,84
42,Male,22,1118860,75
43,Female,31,1146079,90
44,Male,61,891900,21
45,Female,36,449760,58
46,Male,44,570651,40
47,Female,29,852816,62
48,Female,21,1441574,82
49,Female,33,479087,73
50,Female,45,444853,51
51,Female,60,866749,33
52,Female,44,1480497,46
53,Female,28,1189236,91
54,Female,26,729658,60
55,Male,22,1097376,89
56,Male,34,714587,65
57,Female,33,524138,28
58,Female,61,920080,22
59,Male,30,682553,82
60,Female,53,899473,14
61,Female,56,1006428,29
62,Male,59,1084470,33
63,Male,64,861567,36
64,Male,31,1254065,100
65,Female,25,1331760,88
66,Male,46,548239,48
67,Female,51,651833,30
68,Male,47,468216,33
69,Male,43,734031,54
70,Male,26,1347268,81
71,Female,51,561865,53
72,Female,29,627596,75
73,Female,32,742596,77
74,Male,51,1500000,33
75,Female,25,1129677,84
76,Female,52,757716,15
77,Male,45,1323443,24
78,Male,34,711469,68
79,Male,53,1309273,45
80,Male,32,471196,59
81,Male,46,1500000,22
82,Female,50,1395654,36
83,Female,59,827443,23
84,Male,46,1418527,36
85,Female,46,1491992,36
86,Female,27,1290850,91
87,Female,30,893801,69
88,Male,50,569582,47
89,Female,34,813680,82
90,Male,28,836902,65
91,Female,27,1104909,87
92,Male,38,404418,42
93,Male,32,936664,64
94,Male,43,438932,39
95,Female,36,566668,50
96,Female,30,1146417,88
97,Male,27,680355,65
98,Female,49,1361261,24
99,Male,25,1271955,96
100,Female,45,437183,51
101,Male,49,1429152,44
102,Female,22,1167991,73
103,Female,50,872616,24
104,Male,37,688988,44
105,Female,43,573235,49
106,Female,63,941626,17
107,Male,39,1221384,27
108,Female,24,1398385,74
109,Female,26,1274068,90
110,Female,39,534376,44
111,Female,33,963379,73
112,Female,23,1262249,88
113,Male,34,614632,71
114,Male,50,1483549,29
115,Male,27,1230382,98
116,Female,51,1500000,50
117,Female,28,1293374,87
118,Female,29,1218619,85
119,Female,43,430977,54
120,Male,54,1094628,47
121,Female,31,763395,85
122,Male,34,549095,45
123,Male,58,857612,23
124,Male,45,490914,55
125,Female,40,610696,38
126,Female,56,1376247,26
127,Female,41,1448781,40
128,Male,58,733832,32
129,Male,55,938043,20
130,Female,49,897285,12
131,Male,40,1500000,32
132,Female,47,525294,43
133,Female,47,1323562,35
134,Female,49,638877,56
135,Male,58,761748,18
136,Female,30,1077339,76
137,Male,22,1205882,77
138,Female,45,484296,52
139,Female,60,967605,24
140,Male,51,1280077,32
141,Male,34,794131,69
142,Female,41,482397,44
143,Female,53,1395305,29
144,Male,29,873498,79
145,Male,53,1188384,39
146,Female,26,1141631,88
147,Female,48,1482570,26
148,Male,47,1500000,37
149,Male,52,1238332,42
150,Female,29,1219207,91
151,Male,53,1298903,32
152,Male,33,730208,81
153,Female,58,1044303,26
154,Female,46,1331770,30
155,Female,26,1203261,81
156,Female,49,1500000,22
157,Male,26,1265896,92
158,Male,35,780053,75
159,Female,43,503314,34
160,Female,31,672791,62
161,Female,42,461747,61
162,Male,50,1282856,32
163,Male,24,1247165,82
164,Male,24,1322417,97
165,Female,49,562964,42
166,Female,35,632794,40
167,Female,30,1408889,81
168,Female,36,792436,74
169,Male,55,1489812,34
170,Male,25,1397187,87
171,Male,36,751010,78
172,Female,25,845383,86
173,Female,39,404825,43
174,Female,60,1010862,18
175,Male,32,680192,69
176,Female,37,208187,48
177,Female,49,1456444,37
178,Female,33,505871,53
179,Female,25,1310417,73
180,Female,46,463479,51
181,Male,27,1014133,77
182,Male,36,739990,84
183,Male,47,1485566,41
184,Male,26,681934,81
185,Female,27,1236267,85
186,Male,26,1215052,81
187,Male,27,1263346,97
188,Female,52,1373608,22
189,Male,44,813131,45
190,Female,47,731671,43
191,Male,62,1163599,25
192,Male,57,877724,29
193,Female,58,1397893,34
194,Male,35,1454994,90
195,Female,60,834318,25
196,Female,27,889893,61
197,Female,25,1202011,76
198,Female,33,863926,71
199,Female,63,751841,25
200,Female,30,1150170,90
201,Female,40,483408,46
202,Female,41,1396950,40
203,Female,30,1172538,88
204,Male,33,813881,67
205,Female,57,1500000,40
206,Female,41,623889,45
207,Female,49,1314893,36
208,Female,43,1404172,28
209,Male,21,1240798,84
210,Male,57,1380866,40
211,Female,42,1281829,32
212,Male,40,437714,58
213,Male,41,397988,56
214,Male,48,1236564,36
215,Male,56,909084,20
216,Female,25,1293735,83
217,Female,25,1210517,86
218,Male,26,1415663,83
219,Male,44,1287208,36
220,Female,49,1500000,36
221,Female,41,584020,59
222,Male,43,531481,50
223,Male,58,800853,27
224,Female,37,725716,75
225,Male,41,423587,56
226,Female,23,1332368,94
227,Female,21,1292889,82
228,Female,53,1500000,22
229,Female,58,931121,19
230,Male,23,1265873,76
231,Female,31,641453,65
232,Female,47,1265132,21
233,Male,33,847042,92
234,Male,22,1349863,90
235,Male,57,968150,22
236,Female,57,775040,20
237,Male,21,1227137,85
238,Male,46,502480,42
239,Male,32,688394,64
240,Male,57,961129,23
241,Female,34,746783,87
242,Male,50,830078,26
243,Male,43,1324167,27
244,Male,44,1424960,35
245,Male,30,1072508,82
246,Female,26,1208517,90
247,Male,50,530233,53
248,Male,24,1318066,82
249,Female,58,858958,23
250,Female,27,638468,78
251,Female,54,841859,14
252,Female,27,498944,45
253,Male,28,1038728,83
254,Male,59,1038569,13
255,Female,27,755716,70
256,Female,36,766597,56
257,Female,49,1480184,38
258,Female,24,779679,74
259,Female,51,1405718,50
260,Female,41,1426288,34
261,Female,39,559656,46
262,Male,39,541893,50
263,Female,29,1196612,90
264,Male,62,964136,14
265,Male,24,1218767,89
266,Male,50,1480797,26
267,Male,39,658221,58
268,Male,30,771105,81
269,Female,32,852922,75
270,Female,30,1332027,79
271,Male,53,1500000,44
272,Male,60,826731,24
273,Female,47,1321754,32
274,Female,21,1235741,81
275,Male,56,695928,24
276,Male,54,694573,9
277,Female,36,774657,73
278,Female,59,985579,31
279,Male,59,895787,30
280,Female,29,1495860,87
281,Male,44,602165,51
282,Male,59,1035430,28
283,Female,18,1209705,80
284,Male,54,819069,18
285,Female,61,959539,30
286,Female,44,1487613,39
287,Female,24,1018612,83
288,Female,34,640313,88
289,Female,27,1489527,84
290,Female,26,1251891,83
291,Female,34,622524,71
292,Male,31,681389,66
293,Male,34,414455,29
294,Female,45,432151,25
295,Male,46,1396708,45
296,Female,31,903448,82
297,Female,55,863343,23
298,Female,28,688011,74
299,Male,29,834496,70
300,Female,26,1233702,83
301,Male,28,1319054,93
302,Male,40,525041,42
303,Male,30,1215415,83
304,Female,32,530994,49
305,Male,35,782564,91
306,Male,62,906504,18
307,Female,41,409272,36
308,Male,43,503751,63
309,Female,47,387705,45
310,Male,21,1342552,80
311,Female,25,1056355,84
312,Female,40,485912,47
313,Female,54,781190,26
314,Female,54,1264621,32
315,Male,44,583236,49
316,Female,51,1500000,27
317,Female,30,1270724,92
318,Female,33,596686,67
319,Female,47,1458010,25
320,Male,43,577708,54
321,Female,40,491379,47
322,Female,57,945298,27
323,Female,45,1384970,31
324,Female,41,1491366,24
325,Female,35,535754,41
326,Female,44,594017,43
327,Female,28,1205586,87
328,Male,45,1396967,19
329,Male,24,779047,60
330,Male,49,1438338,29
331,Male,59,956082,15
332,Female,55,971109,18
333,Female,43,1180527,34
334,Female,54,975166,11
335,Male,59,864232,21
336,Female,31,879452,86
337,Female,53,1435150,42
338,Male,45,508045,57
339,Male,50,1389654,34
340,Female,48,378429,55
341,Male,29,708443,98
342,Female,23,1210961,81
343,Male,61,1078524,27
344,Female,35,712907,72
345,Male,24,1453054,90
346,Female,42,448960,39
347,Female,34,829386,64
348,Male,29,1058519,86
349,Female,37,436681,48
350,Female,22,1226240,73
351,Male,55,851595,24
352,Male,39,665342,74
353,Female,26,980236,90
354,Male,49,1476112,29
355,Female,32,701105,74
356,Female,27,1164882,75
357,Female,28,694885,79
358,Female,52,784605,27
359,Female,32,739216,66
360,Female,37,625237,51
361,Female,34,897105,75
362,Female,51,1493760,37
363,Male,58,1411533,45
364,Male,55,817669,27
365,Male,59,753330,21
366,Female,64,762771,29
367,Female,54,1440017,41
368,Male,37,510871,47
369,Male,44,1474899,25
370,Female,56,1349999,37
371,Male,25,1245826,79
372,Female,30,1351481,85
373,Male,39,369686,60
374,Female,37,486015,42
375,Male,26,1370785,93
376,Female,43,376857,66
377,Male,43,320470,43
378,Male,47,440627,51
379,Female,22,1205468,95
380,Male,41,412783,59
381,Male,59,1225118,36
382,Male,44,1241476,44
383,Female,59,880268,18
384,Male,58,1003280,26
385,Female,24,1462650,97
386,Female,27,695255,59
387,Male,41,441233,39
388,Female,59,883660,22
389,Male,63,775185,24
390,Female,46,532922,34
391,Male,45,1418887,32
392,Female,46,536464,34
393,Female,48,513530,31
394,Female,31,579216,57
395,Female,41,1338307,26
396,Male,33,521217,50
397,Male,27,1246103,79
398,Male,26,1402326,86
399,Male,59,954958,27
400,Male,34,621773,76
401,Female,57,905873,16
402,Female,28,569586,64
403,Male,46,593877,45
404,Female,39,860996,80
405,Male,36,893508,63
406,Male,50,493957,46
407,Male,29,1273567,88
408,Female,30,755679,53
409,Male,60,806308,34
410,Female,55,1437906,19
411,Female,34,476632,68
412,Female,29,1419763,72
413,Male,43,561910,32
414,Male,24,1132647,79
415,Female,24,1073353,98
416,Female,43,573606,46
417,Male,41,621884,51
418,Female,24,1183417,91
419,Male,45,494184,26
420,Male,27,1401199,80
421,Male,24,1215392,98
422,Female,47,1376247,26
423,Female,45,418886,68
424,Female,64,928306,8
425,Male,57,803857,31
426,Female,63,852483,24
427,Female,61,842306,25
428,Female,25,1342522,75
429,Male,19,1157804,79
430,Male,22,1232729,90
431,Female,24,787366,60
432,Male,31,1343441,84
433,Female,27,707868,75
434,Female,33,387997,48
435,Male,45,313756,41
436,Male,39,413705,51
437,Male,39,511146,54
438,Male,40,1242690,40
439,Male,58,1398893,23
440,Female,55,954348,15
441,Male,29,1295060,82
442,Male,33,319174,54
443,Male,43,1419112,30
444,Female,46,494518,37
445,Male,54,1314557,27
446,Female,26,1154843,84
447,Female,51,1404691,20
448,Female,33,681761,64
449,Male,25,1337438,100
450,Female,31,819306,70
451,Female,36,801241,75
452,Female,62,978988,20
453,Male,32,853763,56
454,Female,39,721693,57
455,Male,36,564573,52
456,Female,27,1292004,83
457,Male,58,1012892,23
458,Female,23,1188390,82
459,Female,32,1333102,88
460,Female,23,1272744,80
461,Male,43,624739,49
462,Female,30,1319408,95
463,Female,24,1028091,78
464,Male,26,1179563,87
465,Female,35,413436,42
466,Male,32,433787,50
467,Female,68,774681,33
468,Male,60,957657,23
469,Male,31,1196772,97
470,Male,34,948266,75
471,Male,52,820575,31
472,Male,45,1490988,36
473,Male,45,1326598,28
474,Female,24,1268002,84
475,Male,31,842021,83
476,Male,20,691330,73
477,Female,29,641581,70
478,Female,34,699082,69
479,Female,42,783733,58
480,Male,57,871367,16
481,Female,29,750060,69
482,Female,26,1047924,85
483,Female,46,496364,58
484,Male,59,1337690,48
485,Female,51,1322754,28
486,Male,32,774222,60
487,Female,45,1500000,37
488,Female,34,687779,71
489,Female,22,1295487,84
490,Female,31,730003,69
491,Male,63,742822,22
492,Female,48,1357297,23
493,Female,30,837291,67
494,Male,33,769640,58
495,Female,48,1466878,24
496,Female,52,717529,22
497,Female,25,1195955,85
498,Male,46,1374755,26
499,Female,22,1173124,85
500,Male,32,559742,74
501,Male,42,435113,55
502,Male,54,1048944,23
503,Female,52,788060,19
504,Male,30,839666,66
505,Male,21,1347698,94
506,Female,51,1411926,24
507,Female,36,878202,77
508,Female,57,833673,23
509,Female,28,649976,61
510,Male,56,809888,24
511,Female,32,779803,63
512,Male,26,1331090,74
513,Female,24,1500000,79
514,Male,53,1425359,38
515,Male,57,1005075,14
516,Male,28,669149,64
517,Female,52,718430,13
518,Female,27,1119923,91
519,Male,41,600782,43
520,Female,37,519546,41
521,Female,29,1086188,82
522,Female,52,1034697,28
523,Female,40,419193,59
524,Male,52,785940,20
525,Female,49,860495,12
526,Male,41,446878,42
527,Female,40,863844,80
528,Male,55,1381956,39
529,Female,52,1382130,37
530,Male,34,724178,70
531,Female,47,1194038,44
532,Male,60,1014879,27
533,Male,42,486133,45
534,Male,26,687225,77
535,Male,24,1156148,81
536,Male,54,1382718,45
537,Male,44,734382,53
538,Male,37,877118,69
539,Female,38,441038,46
540,Male,42,560777,40
541,Female,51,1500000,40
542,Female,34,489695,54
543,Female,26,1416616,88
544,Male,40,1376673,34
545,Male,51,966506,39
546,Male,40,794276,56
547,Male,29,1262465,83
548,Female,60,1486040,37
549,Female,22,814550,86
550,Male,65,1043523,27
551,Female,42,1489292,17
552,Female,41,1447833,22
553,Male,24,1287210,86
554,Female,44,624169,29
555,Male,28,1199675,92
556,Male,26,796260,82
557,Female,53,949648,22
558,Female,23,1138181,77
559,Male,23,1368892,85
560,Female,23,1349706,81
561,Female,37,787651,64
562,Female,55,1430085,30
563,Male,37,1484478,29
564,Female,53,892747,21
565,Female,24,1298324,97
566,Female,55,1500000,32
567,Female,46,471267,39
568,Female,57,943198,19
569,Male,40,577991,43
570,Male,35,693604,88
571,Male,54,816858,24
572,Male,27,1077001,79
573,Female,26,691461,62
574,Female,48,602850,48
575,Female,48,1321305,40
576,Male,24,1219020,99
577,Female,61,819700,18
578,Male,62,800279,25
579,Male,56,1011629,33
580,Female,21,1202121,77
581,Female,21,1320656,83
582,Female,26,1117884,89
583,Male,25,461610,69
584,Female,35,626597,70
585,Male,26,1248645,90
586,Female,50,519033,55
587,Female,33,586694,84
588,Male,41,547260,50
589,Female,56,890056,30
590,Male,56,1492497,31
591,Male,32,780520,64
592,Male,29,658303,66
593,Male,33,871062,79
594,Female,46,607833,57
595,Female,40,598536,52
596,Female,24,1038833,88
597,Male,56,1456613,45
598,Male,27,1392940,82
599,Female,46,546051,62
600,Male,49,425192,48
601,Female,57,853625,32
602,Male,59,688950,27
603,Male,25,1411301,100
604,Male,41,432629,39
605,Male,59,1034537,19
606,Male,37,442144,52
607,Female,54,862379,15
608,Male,32,560487,45
609,Female,40,694649,63
610,Female,55,1500000,28
611,Male,27,790940,66
612,Female,25,1181819,93
613,Female,23,812171,72
614,Female,57,819439,17
615,Female,39,457996,63
616,Female,28,557215,65
617,Female,45,602460,70
618,Female,40,589586,40
619,Male,29,1392747,87
620,Female,27,1262666,82
621,Female,30,796125,75
622,Male,26,1218699,89
623,Female,41,490048,57
624,Female,36,327403,32
625,Female,32,705753,75
626,Female,40,1268655,34
627,Female,54,981478,13
628,Male,53,309698,41
629,Male,44,409342,45
630,Female,23,1417542,78
631,Female,24,1249766,78
632,Female,32,651235,62
633,Male,25,791952,81
634,Female,50,1500000,39
635,Female,37,709690,84
636,Male,26,1249250,87
637,Female,26,918852,55
638,Male,25,1202850,87
639,Male,31,734059,71
640,Male,56,877675,22
641,Male,50,1359525,42
642,Male,44,303375,48
643,Male,38,554245,50
644,Female,32,629629,72
645,Male,53,1021533,34
646,Female,57,853367,21
647,Female,33,789987,74
648,Female,25,1275158,97
649,Female,56,828659,29
650,Female,46,527925,47
651,Female,38,390392,33
652,Male,27,1290448,91
653,Female,27,717093,85
654,Female,29,654311,59
655,Male,28,853897,62
656,Female,48,1500000,41
657,Male,56,867998,15
658,Female,28,821919,81
659,Female,58,849466,19
660,Female,30,704022,72
661,Female,55,765652,20
662,Female,34,827032,62
663,Female,43,1489122,34
664,Female,25,1198022,87
665,Male,23,1333449,69
666,Male,44,1207240,38
667,Male,31,782734,77
668,Female,23,1258083,89
669,Female,52,1333374,32
670,Male,45,1500000,26
671,Male,46,1374611,24
672,Female,44,519073,43
673,Female,53,865716,21
674,Female,31,682017,88
675,Female,58,915605,10
676,Female,39,887798,76
677,Male,45,497201,50
678,Male,59,978983,17
679,Female,46,1471260,36
680,Female,42,569402,43
681,Male,57,1336252,25
682,Male,46,1195711,28
683,Male,27,554986,66
684,Female,39,538675,41
685,Female,26,1215421,85
686,Female,51,1386579,51
687,Male,33,488620,44
688,Male,46,454815,52
689,Female,36,627188,48
690,Female,34,588624,54
691,Male,39,743092,65
692,Male,30,727882,66
693,Male,43,659556,44
694,Male,38,672190,39
695,Male,38,702639,78
696,Female,30,759060,61
697,Female,52,1449623,32
698,Female,33,679729,70
699,Female,47,536955,47
700,Male,29,599252,57
701,Female,25,1380821,82
702,Female,26,487849,56
703,Female,26,1095272,98
704,Female,53,1415003,47
705,Female,25,1388034,89
706,Male,50,1455207,30
707,Male,23,1192994,75
708,Female,27,1283446,74
709,Male,31,1158747,87
710,Female,30,762114,66
711,Male,61,1470514,36
712,Female,48,591414,53
713,Male,52,686338,8
714,Female,50,320812,53
715,Male,30,500613,61
716,Male,39,556243,45
717,Male,43,1487392,30
718,Female,55,875429,23
719,Male,52,983895,19
720,Female,43,646396,31
721,Female,49,518235,35
722,Male,44,651677,51
723,Female,29,735337,78
724,Male,25,871147,86
725,Male,40,549697,42
726,Male,48,473893,37
727,Female,27,1256028,84
728,Female,45,1480092,42
729,Female,47,1469410,25
730,Female,55,857274,25
731,Female,35,633839,78
732,Male,47,1500000,32
733,Male,23,1322420,85
734,Female,26,757234,79
735,Female,57,1037700,18
736,Male,31,679523,93
737,Male,21,1121773,76
738,Female,26,1242365,84
739,Male,61,855407,28
740,Female,34,761616,87
741,Female,59,798132,13
742,Male,44,596166,48
743,Female,24,1043585,76
744,Male,46,553877,45
745,Female,36,794948,81
746,Male,28,1336464,86
747,Female,37,473694,44
748,Female,30,955409,60
749,Male,47,582998,39
750,Female,34,1317239,100
751,Female,28,695281,60
752,Female,24,1045979,83
753,Female,60,997794,33
754,Female,40,746352,50
755,Male,55,752422,16
756,Female,33,758895,99
757,Male,62,998296,30
758,Male,26,1157149,87
759,Male,52,1500000,42
760,Female,61,835555,23
761,Male,38,453052,43
762,Female,32,513281,75
763,Female,24,1101466,90
764,Female,46,1112390,37
765,Female,36,980692,69
766,Female,57,749646,34
767,Male,36,805184,61
768,Female,28,909176,68
769,Male,34,857735,72
770,Male,51,1262394,36
771,Male,43,1500000,40
772,Female,56,1087920,22
773,Female,48,1333217,26
774,Male,43,536388,38
775,Female,24,1472101,88
776,Male,56,897658,8
777,Female,52,709209,30
778,Male,25,661452,70
779,Male,59,883984,22
780,Female,22,1093118,82
781,Female,26,1216932,75
782,Female,44,558470,49
783,Male,47,1500000,33
784,Female,54,958057,9
785,Male,40,532702,40
786,Male,54,1000439,27
787,Male,34,832625,84
788,Male,30,612496,77
789,Female,41,1353100,35
790,Male,27,375780,33
791,Male,56,1338842,36
792,Female,54,922740,17
793,Male,28,1347164,91
794,Male,57,896817,14
795,Female,37,502478,50
796,Male,38,502455,43
797,Female,32,692345,64
798,Female,42,561761,47
799,Female,37,799371,64
800,Female,32,676465,73
801,Male,25,1041371,87
802,Male,53,1377047,33
803,Female,47,497622,47
804,Female,21,1381573,77
805,Male,34,482250,47
806,Male,52,1500000,23
807,Female,48,1216710,40
808,Female,25,1388576,80
809,Male,59,818379,20
810,Female,26,1380179,82
811,Male,54,825663,35
812,Male,51,1500000,26
813,Male,44,1414867,33
814,Female,42,512677,28
815,Male,58,913121,19
816,Male,32,769405,77
817,Female,55,1500000,38
818,Male,24,1192214,89
819,Male,31,753971,65
820,Male,66,833281,27
821,Male,50,1397590,34
822,Female,31,1500000,89
823,Female,24,659764,76
824,Female,29,1211556,83
825,Female,31,798751,59
826,Female,45,596505,38
827,Female,38,1500000,35
828,Female,43,537035,49
829,Female,42,391592,59
830,Male,61,859162,18
831,Female,29,757844,61
832,Female,54,1007209,19
833,Female,56,969100,28
834,Male,54,969435,33
835,Female,61,901689,35
836,Male,26,1429620,100
837,Female,24,1311423,96
838,Male,45,1445469,37
839,Male,29,981124,66
840,Female,28,844470,85
841,Male,37,793544,60
842,Female,31,745559,71
843,Female,34,706773,57
844,Male,57,1488863,45
845,Female,55,791291,31
846,Male,53,748491,11
847,Female,30,868777,54
848,Male,42,408261,49
849,Female,40,1500000,41
850,Female,59,839202,31
851,Female,29,360714,46
852,Male,41,600377,58
853,Male,45,1483807,39
854,Female,53,1334752,25
855,Male,44,560016,52
856,Male,25,1345790,82
857,Female,42,577660,40
858,Female,41,510923,45
859,Male,55,1337516,45
860,Male,25,736105,78
861,Male,34,812964,69
862,Male,27,1045078,70
863,Male,64,927461,18
864,Male,61,794660,21
865,Female,26,1204971,82
866,Female,28,672045,69
867,Male,53,915210,26
868,Male,46,1226786,44
869,Male,30,576298,67
870,Male,31,673908,80
871,Female,28,1407890,85
872,Female,26,1152561,84
873,Female,27,1101436,97
874,Female,28,691040,67
875,Male,52,948959,16
876,Female,25,1261739,86
877,Male,36,399714,46
878,Male,59,1155832,43
879,Male,37,467000,41
880,Female,61,708222,29
881,Female,35,890782,83
882,Female,36,407083,49
883,Male,37,559303,45
884,Female,44,393441,50
885,Male,58,963271,20
886,Female,35,565745,86
887,Female,44,545538,49
888,Female,32,821197,70
889,Male,20,1128425,75
890,Male,50,1438121,33
891,Male,61,914863,25
892,Male,34,739628,77
893,Male,55,955515,15
894,Male,19,1213252,95
895,Male,48,552660,53
896,Male,27,848696,86
897,Male,56,980142,3
898,Female,45,1497788,24
899,Male,29,1235599,88
900,Female,29,1194347,83
901,Female,55,1067819,23
902,Male,28,1266017,83
903,Female,33,705884,73
904,Male,20,1263442,75
905,Male,48,1377615,44
906,Female,53,1014855,16
907,Male,57,990070,22
908,Female,59,1044435,28
909,Female,26,1205558,84
910,Female,60,970332,21
911,Female,56,1429766,27
912,Female,37,799391,83
913,Female,37,1226793,33
914,Male,43,466054,35
915,Male,57,878847,23
916,Male,42,453394,54
917,Male,54,1321958,24
918,Male,36,696638,74
919,Female,39,588555,44
920,Male,27,1148255,86
921,Female,29,879959,66
922,Male,27,1340599,90
923,Male,32,791313,72
924,Female,25,1156059,84
925,Male,55,1475264,39
926,Female,43,602828,40
927,Male,42,464536,44
928,Female,35,310324,47
929,Female,62,713407,23
930,Male,44,1280653,33
931,Female,30,1406646,79
932,Female,53,397259,38
933,Female,56,1262848,24
934,Male,47,587824,59
935,Male,52,1151106,19
936,Female,39,474910,38
937,Female,48,1500000,30
938,Male,60,954185,21
939,Female,42,1212148,42
940,Female,43,472576,36
941,Female,29,909505,74
942,Male,27,1248326,90
943,Male,45,656739,65
944,Male,56,1115052,21
945,Female,23,1188898,88
946,Female,47,467180,48
947,Female,28,1325087,73
948,Male,30,824548,91
949,Female,44,1500000,24
950,Female,39,436299,43
951,Male,36,555801,52
952,Female,43,513697,44
953,Male,27,1197892,83
954,Male,33,782474,75
955,Male,37,336598,50
956,Female,24,1236005,93
957,Female,43,507163,46
958,Female,32,754735,63
959,Male,53,1077116,21
960,Female,30,511198,75
961,Male,58,1076733,20
962,Female,32,401198,48
963,Female,61,977592,21
964,Female,26,691735,83
965,Male,32,697617,61
966,Female,35,480908,32
967,Male,24,682458,67
968,Male,59,1053956,20
969,Male,63,1078291,19
970,Female,52,986489,23
971,Female,31,697276,59
972,Female,46,1356114,35
973,Male,28,1308779,91
974,Male,52,823359,10
975,Male,27,576030,81
976,Female,49,1230190,39
977,Male,43,1308345,44
978,Female,50,1382567,22
979,Female,56,1421768,55
980,Female,63,905623,31
981,Female,60,1064180,30
982,Female,37,730357,66
983,Female,53,1499665,32
984,Male,56,880416,21
985,Male,49,1386025,33
986,Female,30,531803,70
987,Male,51,1409514,39
988,Male,58,762148,28
989,Female,55,831650,17
990,Female,52,1391952,31
991,Male,36,690689,57
992,Male,22,1262456,86
993,Female,53,1362528,31
994,Female,44,1235711,30
995,Female,56,1282688,26
996,Female,53,853475,26
997,Male,21,1311725,85
998,Male,38,207261,45
999,Female,62,975363,14
1000,Male,55,950390,15
1001,Female,24,789688,65
1002,Male,26,991350,82
1003,Male,64,829068,34
1004,Male,22,1033780,90
1005,Female,27,1284250,99
1006,Male,47,1500000,28
1007,Female,46,1480917,27
1008,Male,61,812902,38
1009,Male,48,1485293,42
1010,Female,28,1120536,87
1011,Male,43,501483,45
1012,Female,42,1362294,27
1013,Female,28,1388117,86
1014,Female,29,361064,48
1015,Female,31,541457,77
1016,Male,44,792368,35
1017,Male,59,945933,21
1018,Male,44,350328,50
1019,Male,33,1186557,91
1020,Male,45,355332,38
1021,Male,43,370033,44
1022,Male,47,379727,45
1023,Male,23,1341810,100
1024,Male,49,1500000,35
1025,Female,31,709275,64
1026,Female,22,1056021,81
1027,Female,55,849568,27
1028,Female,59,867764,32
1029,Female,59,754074,25
1030,Female,34,398873,43
1031,Male,46,1304003,29
1032,Male,37,784620,82
1033,Male,33,475865,45
1034,Male,24,1287104,80
1035,Female,47,1351925,41
1036,Female,47,498229,55
1037,Female,56,1016888,25
1038,Male,52,1482197,37
1039,Female,50,925040,17
1040,Female,35,810453,70
1041,Female,46,1346094,32
1042,Female,48,1310216,39
1043,Male,41,687392,78
1044,Male,58,897596,23
1045,Female,35,870368,75
1046,Male,57,866274,22
1047,Female,32,716366,39
1048,Female,22,1239027,80
1049,Female,45,659951,53
1050,Male,39,517109,50
1051,Female,34,870603,77
1052,Male,45,1432674,26
1053,Female,37,405719,44
1054,Male,39,495696,40
1055,Male,43,1497467,32
1056,Female,42,1278468,26
1057,Female,45,489768,39
1058,Male,37,1333468,31
1059,Female,28,1286599,84
1060,Male,47,1404506,40
1061,Male,50,1413489,32
1062,Male,48,569874,54
1063,Female,23,1411507,82
1064,Female,51,855667,27
1065,Male,47,593858,46
1066,Male,51,576350,53
1067,Female,46,469759,38
1068,Male,32,655071,63
1069,Female,31,643482,71
1070,Female,44,490221,64
1071,Male,24,1283708,78
1072,Male,48,1453822,41
1073,Male,60,869561,31
1074,Female,58,824158,25
1075,Male,25,1166191,75
1076,Male,56,1495532,32
1077,Male,37,531987,52
1078,Female,56,992995,21
1079,Male,36,610497,75
1080,Male,25,1299660,89
1081,Female,25,1185683,85
1082,Female,63,1464423,40
1083,Male,57,808544,24
1084,Female,24,1181080,83
1085,Male,31,1343594,84
1086,Female,44,570324,47
1087,Female,24,743020,82
1088,Female,30,960277,91
1089,Male,43,509787,55
1090,Female,37,390530,40
1091,Male,26,1444974,88
1092,Male,27,1210044,83
1093,Male,50,1483837,26
1094,Male,61,802891,17
1095,Male,52,1402344,32
1096,Female,57,1405864,34
1097,Female,40,576643,59
1098,Male,39,893678,74
1099,Male,50,1290828,37
1100,Female,57,979960,28
1101,Male,28,1178861,78
1102,Male,46,1212833,40
1103,Male,47,1328095,46
1104,Male,27,1164042,83
1105,Female,34,826219,78
1106,Female,52,1419420,29
1107,Male,34,842788,68
1108,Female,27,679379,78
1109,Female,42,424739,59
1110,Male,36,532840,46
1111,Male,50,1482684,35
1112,Female,24,1222655,82
1113,Female,43,1364935,31
1114,Male,40,566481,57
1115,Female,28,761012,82
1116,Male,18,1133115,75
1117,Male,50,1500000,37
1118,Male,33,669711,84
1119,Female,35,690585,72
1120,Female,48,692634,34
1121,Male,44,434145,47
1122,Male,56,799957,23
1123,Male,30,820157,76
1124,Female,26,1448130,86
1125,Male,56,1011202,27
1126,Female,55,901237,23
1127,Female,25,1280782,73
1128,Male,41,1399995,43
1129,Male,23,1229018,86
1130,Male,39,541909,40
1131,Male,59,1364519,33
1132,Male,31,1263683,77
1133,Male,54,1290425,31
1134,Female,58,856677,21
1135,Male,36,451476,47
1136,Male,26,517761,64
1137,Female,38,689737,52
1138,Female,24,1025708,83
1139,Female,28,1208379,90
1140,Male,35,838571,69
1141,Female,42,653629,36
1142,Male,40,521404,45
1143,Male,32,782534,73
1144,Female,61,1035528,20
1145,Male,57,808140,21
1146,Female,36,536053,43
1147,Female,31,1181590,88
1148,Female,47,689146,65
1149,Female,46,1438309,34
1150,Male,41,447455,53
1151,Male,54,1394024,39
1152,Male,51,1326714,25
1153,Female,51,831799,26
1154,Male,24,1171135,87
1155,Female,39,569341,49
1156,Male,60,846399,10
1157,Female,59,737656,13
1158,Female,46,1500000,43
1159,Female,24,1246680,96
1160,Female,62,759365,32
1161,Male,29,1370766,90
1162,Male,35,542737,54
1163,Male,55,1499567,40
1164,Male,50,945160,19
1165,Female,45,551222,47
1166,Female,51,1489630,31
1167,Male,44,1184015,31
1168,Male,37,583521,87
1169,Male,50,1236493,39
1170,Male,59,1124880,12
1171,Female,37,813879,72
1172,Female,27,1058554,75
1173,Female,44,741557,57
1174,Male,48,1377907,36
1175,Male,61,998410,21
1176,Female,35,590495,52
1177,Male,44,476396,47
1178,Male,30,641318,77
1179,Male,20,1325099,88
1180,Female,26,740053,77
1181,Female,22,1080525,75
1182,Male,63,954822,32
1183,Female,65,714729,12
1184,Female,30,723111,71
1185,Male,34,817318,64
1186,Female,21,1179420,76
1187,Male,38,736459,66
1188,Male,65,944029,32
1189,Male,55,814272,21
1190,Female,40,740445,74
1191,Male,42,1371985,25
1192,Male,30,1276046,81
1193,Male,28,1398668,84
1194,Female,51,1500000,36
1195,Male,38,704670,45
1196,Male,30,1066473,91
1197,Female,27,1163196,72
1198,Male,62,1034832,28
1199,Female,28,1311519,82
1200,Female,52,1411828,23
1201,Male,54,907597,18
1202,Male,32,645590,77
1203,Male,41,576094,49
1204,Male,63,915345,33
1205,Male,55,1461343,35
1206,Male,50,1416289,40
1207,Female,40,382742,42
1208,Male,26,727340,67
1209,Male,57,760490,22
1210,Female,19,1048154,91
1211,Male,63,705247,24
1212,Male,55,905364,9
1213,Male,35,803963,69
1214,Female,25,1230238,78
1215,Female,29,694677,69
1216,Female,28,1171396,82
1217,Female,22,593310,71
1218,Male,55,1414491,37
1219,Male,28,681554,53
1220,Male,47,545202,38
1221,Female,44,418146,35
1222,Male,44,521316,39
1223,Female,18,1062751,79
1224,Female,46,1331857,24
1225,Male,53,1357034,28
1226,Male,38,659160,41
1227,Male,36,780616,74
1228,Male,29,1158758,83
1229,Female,29,1495076,84
1230,Female,63,873653,15
1231,Male,20,682420,66
1232,Male,23,985712,77
1233,Male,37,589311,46
1234,Male,29,1291737,98
1235,Female,27,1258659,93
1236,Female,51,1468202,31
1237,Female,26,1300488,76
1238,Male,47,1484052,35
1239,Female,20,1104217,88
1240,Female,23,983970,88
1241,Male,42,1440100,38
1242,Male,33,507492,65
1243,Male,39,633710,33
1244,Female,24,695507,69
1245,Female,36,875042,70
1246,Male,38,395547,62
1247,Male,27,1330181,73
1248,Male,43,337126,52
1249,Female,29,621974,50
1250,Female,33,801772,66
1251,Male,35,848202,61
1252,Female,31,723643,57
1253,Male,41,585534,41
1254,Female,32,759985,78
1255,Male,54,932170,13
1256,Female,41,435566,44
1257,Male,52,1425835,31
1258,Female,23,1051267,84
1259,Male,43,651243,44
1260,Male,63,1099690,9
1261,Female,38,602293,66
1262,Male,31,459613,57
1263,Female,46,1132702,41
1264,Female,27,1251089,100
1265,Male,54,1500000,35
1266,Female,46,1481835,40
1267,Male,59,827392,21
1268,Female,34,713174,70
1269,Female,29,711563,63
1270,Male,46,1434429,31
1271,Male,32,947888,73
1272,Female,34,722440,63
1273,Female,26,1118244,84
1274,Male,30,974803,89
1275,Male,48,429272,50
1276,Male,52,783917,14
1277,Female,30,1100043,67
1278,Female,31,1047350,93
1279,Male,46,1315362,29
1280,Female,44,1493784,41
1281,Male,28,1328733,89
1282,Female,55,1425916,37
1283,Female,53,1333122,34
1284,Female,28,932022,79
1285,Female,35,755087,60
1286,Male,48,1392441,32
1287,Male,41,573006,51
1288,Female,40,504957,52
1289,Male,23,1156248,76
1290,Male,50,994596,19
1291,Female,28,776493,82
1292,Male,22,1222405,80
1293,Male,47,450693,56
1294,Male,56,908233,9
1295,Female,27,936857,89
1296,Female,38,645486,54
1297,Female,43,718151,65
1298,Female,30,907781,83
1299,Male,27,1386309,89
1300,Female,27,1227957,96
1301,Male,51,1031630,23
1302,Female,27,1241369,70
1303,Female,28,1339234,79
1304,Male,26,779271,75
1305,Female,19,1054519,90
1306,Female,53,973373,28
1307,Female,26,1173925,92
1308,Female,31,1225485,80
1309,Male,43,328027,61
1310,Female,33,835759,69
1311,Male,62,1033110,12
1312,Female,49,1384858,30
1313,Male,49,474483,43
1314,Male,42,465743,56
1315,Male,63,1289542,22
1316,Female,43,529460,52
1317,Female,52,1489443,48
1318,Male,25,1279073,88
1319,Male,54,1500000,34
1320,Male,51,1205813,45
1321,Female,31,1165662,76
1322,Female,38,451238,34
1323,Male,46,498386,50
1324,Male,51,1348933,32
1325,Female,32,872270,79
1326,Female,49,1500000,44
1327,Female,59,1008271,20
1328,Male,34,645802,82
1329,Female,58,784961,25
1330,Male,62,954650,24
1331,Male,31,1314226,83
1332,Male,46,1375431,34
1333,Male,52,984312,19
1334,Female,26,782326,67
1335,Female,35,389601,47
1336,Female,32,772276,58
1337,Female,36,830374,55
1338,Male,24,799694,70
1339,Female,44,1229860,22
1340,Female,43,559459,49
1341,Female,34,724650,71
1342,Female,25,1256025,74
1343,Male,32,677783,58
1344,Male,27,1339836,85
1345,Male,34,925816,68
1346,Female,63,672001,17
1347,Male,52,861713,10
1348,Male,47,590340,30
1349,Male,35,844920,62
1350,Female,31,777425,74
1351,Female,23,1305885,85
1352,Female,59,834570,16
1353,Male,39,458895,34
1354,Male,34,892541,77
1355,Female,52,647879,24
1356,Female,51,1498159,42
1357,Male,58,727934,18
1358,Male,28,553240,65
1359,Female,37,437193,41
1360,Male,25,1214968,82
1361,Female,38,1174321,86
1362,Female,37,1392371,25
1363,Male,51,1460839,28
1364,Female,31,729426,76
1365,Male,38,522452,42
1366,Male,59,987829,18
1367,Male,50,1190642,32
1368,Female,60,936731,38
1369,Male,48,1500000,29
1370,Male,50,582401,30
1371,Male,27,1256777,78
1372,Male,51,512570,42
1373,Female,47,1484248,43
1374,Female,36,563695,63
1375,Female,25,1453470,89
1376,Female,61,1016366,25
1377,Female,22,766985,80
1378,Male,23,1232240,89
1379,Male,57,901225,24
1380,Female,56,1347194,38
1381,Male,49,1442776,34
1382,Female,48,1483996,44
1383,Male,32,1259032,96
1384,Male,58,866911,33
1385,Female,39,690719,82
1386,Male,27,774057,72
1387,Male,25,1326258,75
1388,Female,46,1313808,28
1389,Male,26,802907,93
1390,Male,49,492055,50
1391,Female,32,766100,64
1392,Female,59,1004170,34
1393,Female,32,699760,81
1394,Female,60,870148,32
1395,Female,22,1022379,92
1396,Female,47,525535,60
1397,Male,53,1484158,50
1398,Female,46,635118,51
1399,Male,54,1493637,48
1400,Female,37,737636,84
1401,Female,34,947448,65
1402,Male,44,667185,54
1403,Male,28,579974,66
1404,Male,41,480560,60
1405,Male,26,1401055,93
1406,Male,29,1275263,85
1407,Female,42,561615,46
1408,Male,44,336951,43
1409,Male,50,1177570,33
1410,Male,45,438684,41
1411,Female,45,1240296,35
1412,Male,29,1310584,93
1413,Male,24,1177775,92
1414,Male,65,965197,28
1415,Male,51,1152828,41
1416,Female,32,940913,62
1417,Female,41,560404,54
1418,Male,23,1249845,79
1419,Female,57,1378264,39
1420,Male,48,1460590,34
1421,Female,30,1183372,78
1422,Female,35,866214,79
1423,Female,52,1482550,34
1424,Female,31,573854,65
1425,Male,40,499939,51
1426,Male,24,1120523,83
1427,Female,57,1372889,31
1428,Male,45,387913,53
1429,Female,29,904359,81
1430,Female,26,1306187,86
1431,Female,27,1067108,75
1432,Male,29,1377123,100
1433,Female,34,710299,67
1434,Male,40,804230,66
1435,Female,41,379400,29
1436,Female,50,1309260,30
1437,Female,28,488758,49
1438,Female,41,621382,42
1439,Male,31,700377,47
1440,Female,53,1492486,33
1441,Male,39,625402,34
1442,Male,56,935867,20
1443,Female,31,814823,84
1444,Male,24,1176714,90
1445,Male,45,518039,54
1446,Male,48,1497092,30
1447,Female,30,773358,73
1448,Male,41,1433623,40
1449,Male,54,676757,14
1450,Male,40,382125,46
1451,Male,47,532573,55
1452,Female,34,775330,63
1453,Male,38,833306,62
1454,Male,51,404334,54
1455,Male,33,794327,70
1456,Female,27,1247077,83
1457,Female,56,947629,32
1458,Female,48,504911,48
1459,Female,37,568061,52
1460,Female,48,1500000,28
1461,Female,20,1177900,82
1462,Female,54,892947,18
1463,Male,39,823510,72
1464,Male,55,944508,26
1465,Male,63,1500000,43
1466,Female,53,1245534,36
1467,Male,39,483657,41
1468,Male,49,592126,55
1469,Female,25,1054001,96
1470,Male,27,898919,73
1471,Male,22,1394674,77
1472,Male,39,646497,51
1473,Male,54,934324,12
1474,Female,31,469820,39
1475,Male,37,693333,69
1476,Female,49,1457710,23
1477,Female,55,1002637,29
1478,Female,26,678476,70
1479,Female,50,1455180,38
1480,Male,26,493800,38
1481,Male,48,496770,53
1482,Male,28,1085565,82
1483,Male,27,1410993,79
1484,Male,49,533743,41
1485,Male,65,929064,28
1486,Female,51,1466818,42
1487,Female,61,965764,21
1488,Female,27,1301434,83
1489,Male,43,386443,40
1490,Male,50,1420743,28
1491,Female,34,816337,72
1492,Female,26,1145116,83
1493,Male,54,940992,25
1494,Male,46,1453880,17
1495,Female,27,899951,70
1496,Female,54,939055,32
1497,Female,27,772240,54
1498,Male,51,1418515,34
1499,Female,53,1402746,30
1500,Male,56,890849,30
1501,Female,27,1101022,84
1502,Male,28,1158122,92
1503,Female,25,1085465,80
1504,Male,54,927467,20
1505,Female,43,1325374,24
1506,Female,31,699979,70
1507,Female,28,750494,72
1508,Female,36,721614,50
1509,Male,36,587982,76
1510,Male,42,1230067,34
1511,Male,42,613708,48
1512,Female,41,331480,52
1513,Female,27,743779,74
1514,Female,42,533308,63
1515,Male,57,948130,27
1516,Male,27,652246,72
1517,Female,51,1349321,30
1518,Male,26,770891,81
1519,Female,62,745778,23
1520,Female,49,1443923,29
1521,Female,35,614219,49
1522,Female,43,516171,50
1523,Male,45,1405554,32
1524,Male,48,1417350,33
1525,Female,37,589129,49
1526,Female,55,1481347,33
1527,Male,38,643716,61
1528,Male,33,631794,76
1529,Female,36,561972,42
1530,Female,62,1385065,30
1531,Female,39,517681,46
1532,Male,50,697210,29
1533,Male,42,834082,77
1534,Male,39,665985,43
1535,Male,26,1125672,86
1536,Female,25,1100844,85
1537,Female,52,924000,20
1538,Male,59,923233,17
1539,Male,19,987847,75
1540,Female,25,1336608,79
1541,Male,27,1127226,74
1542,Female,31,1155754,82
1543,Female,39,1434845,45
1544,Male,42,542415,52
1545,Male,42,504163,42
1546,Male,28,1307252,86
1547,Female,27,1038142,79
1548,Female,31,736026,67
1549,Female,24,1150960,62
1550,Female,28,642893,69
1551,Female,37,727917,74
1552,Female,54,816458,20
1553,Female,22,1153426,85
1554,Male,28,1162756,70
1555,Male,55,1494052,38
1556,Female,39,614366,33
1557,Female,20,1079192,76
1558,Male,56,838439,36
1559,Female,33,576499,67
1560,Female,22,1208369,87
1561,Female,34,742761,57
1562,Male,27,1044097,91
1563,Male,28,875719,71
1564,Female,32,782206,58
1565,Female,51,1249882,48
1566,Female,30,920613,52
1567,Female,32,607599,73
1568,Male,31,746357,69
1569,Male,31,890367,77
1570,Female,49,1267784,36
1571,Male,22,1106441,85
1572,Male,28,1162129,86
1573,Female,23,1195130,88
1574,Male,37,570129,39
1575,Male,52,940360,32
1576,Male,26,1189081,74
1577,Female,44,1458314,33
1578,Male,62,957020,16
1579,Male,57,755586,21
1580,Female,40,683096,60
1581,Female,28,658196,58
1582,Male,25,1226462,95
1583,Male,44,1475398,37
1584,Female,59,965273,14
1585,Female,50,531739,63
1586,Male,26,996038,61
1587,Female,60,816444,11
1588,Male,40,1392317,39
1589,Female,42,527007,46
1590,Female,33,647001,69
1591,Male,35,348363,48
1592,Male,31,733805,76
1593,Female,26,1317958,94
1594,Male,37,732129,71
1595,Male,22,1237734,100
1596,Female,52,826419,15
1597,Male,48,1380847,40
1598,Male,49,593840,53
1599,Female,47,462291,41
1600,Male,45,572566,55
1601,Female,59,1072504,23
1602,Female,24,1256965,94
1603,Male,63,964666,18
1604,Female,40,541491,51
1605,Female,32,546073,48
1606,Male,35,603754,46
1607,Male,52,1458959,41
1608,Male,29,734102,66
1609,Female,58,750447,15
1610,Female,37,510956,38
1611,Male,45,591839,59
1612,Male,24,1328766,97
1613,Male,50,967301,24
1614,Male,60,956902,28
1615,Female,26,1139402,78
1616,Female,45,1473139,41
1617,Male,58,1500000,40
1618,Female,28,1262560,89
1619,Male,48,1367590,33
1620,Male,62,1065886,20
1621,Female,55,828600,17
1622,Female,40,575938,48
1623,Female,59,841818,22
1624,Female,48,1442177,34
1625,Female,24,1223824,80
1626,Male,27,876655,81
1627,Female,53,1001671,25
1628,Female,28,1262565,82
1629,Female,24,1240464,78
1630,Male,45,1336190,26
1631,Male,60,935873,25
1632,Female,51,636603,47
1633,Female,33,659467,68
1634,Female,63,803278,13
1635,Male,61,856485,29
1636,Female,33,747018,60
1637,Female,45,1421492,46
1638,Male,31,808572,82
1639,Female,44,528536,51
1640,Female,27,934193,78
1641,Male,34,479480,36
1642,Male,34,769267,79
1643,Male,62,1056466,25
1644,Female,26,1067821,85
1645,Male,42,515840,35
1646,Female,41,473363,51
1647,Female,42,1238550,27
1648,Female,26,625025,76
1649,Male,45,1497545,30
1650,Female,44,531977,52
1651,Female,52,738662,16
1652,Female,56,1305291,51
1653,Female,26,1253288,79
1654,Female,29,1064219,89
1655,Female,52,553555,30
1656,Female,39,1500000,37
1657,Female,31,835160,86
1658,Female,37,636537,63
1659,Male,38,522632,46
1660,Male,54,1481014,25
1661,Female,44,485689,61
1662,Female,31,805035,78
1663,Male,62,914988,33
1664,Male,59,753898,24
1665,Female,56,1496838,44
1666,Male,23,1190095,81
1667,Female,51,1433689,36
1668,Male,61,733054,29
1669,Male,25,1341730,93
1670,Male,47,528566,47
1671,Male,52,1443722,38
1672,Male,24,1129331,97
1673,Male,25,1435865,85
1674,Female,46,1423594,36
1675,Female,38,465475,36
1676,Female,36,793700,59
1677,Female,63,1500000,44
1678,Male,47,1362509,32
1679,Female,44,562495,43
1680,Female,48,1327285,41
1681,Male,53,1485702,35
1682,Male,47,1429766,35
1683,Male,50,1294505,33
1684,Female,31,785511,88
1685,Female,49,1500000,44
1686,Female,23,1257151,97
1687,Male,55,677853,19
1688,Male,24,1161747,78
1689,Male,54,1343656,42
1690,Male,50,1318099,33
1691,Male,36,809610,73
1692,Male,24,765124,65
1693,Female,24,1166562,83
1694,Male,39,1304559,37
1695,Female,41,431855,46
1696,Male,54,1486319,41
1697,Male,48,519782,47
1698,Female,32,706491,82
1699,Male,46,516531,52
1700,Female,39,594679,50
1701,Female,35,737967,80
1702,Female,29,732565,84
1703,Male,55,1360853,38
1704,Female,49,1347898,38
1705,Male,53,1235267,36
1706,Male,26,1278510,81
1707,Male,54,923933,28
1708,Female,53,1484841,40
1709,Male,41,1357523,50
1710,Male,48,1500000,32
1711,Male,25,1076415,80
1712,Female,47,428560,50
1713,Male,47,1219806,35
1714,Female,62,967828,20
1715,Female,59,728658,27
1716,Female,33,843881,82
1717,Male,53,1406778,32
1718,Male,34,726942,71
1719,Female,45,521381,39
1720,Female,50,1394939,32
1721,Male,47,1494413,46
1722,Female,28,1142681,75
1723,Male,22,710469,91
1724,Male,61,1485587,43
1725,Female,56,1482159,40
1726,Male,47,572276,49
1727,Female,58,866187,26
1728,Male,62,983804,11
1729,Male,43,513254,45
1730,Male,47,544192,43
1731,Male,47,1493979,43
1732,Male,37,695838,73
1733,Female,42,484158,47
1734,Male,26,755596,79
1735,Male,28,722153,66
1736,Female,57,882047,23
1737,Female,50,1320641,34
1738,Female,30,745148,63
1739,Male,60,839584,14
1740,Female,45,493114,50
1741,Female,47,368162,60
1742,Male,59,942418,13
1743,Male,24,1154560,87
1744,Female,57,1374521,38
1745,Male,44,1384597,34
1746,Male,42,594405,37
1747,Female,30,1477049,79
1748,Female,58,852261,12
1749,Male,49,1429807,22
1750,Male,44,457116,39
1751,Male,23,1083720,82
1752,Male,44,1217025,21
1753,Male,36,675317,26
1754,Female,43,472336,48
1755,Female,24,1189737,80
1756,Male,55,1417491,39
1757,Male,49,629850,7
1758,Female,47,655923,41
1759,Female,45,406891,58
1760,Male,58,911045,25
1761,Female,23,1156179,97
1762,Male,43,1480919,32
1763,Male,25,623737,76
1764,Male,42,407090,42
1765,Male,25,1406568,83
1766,Male,39,498481,54
1767,Male,51,1370489,27
1768,Female,33,1015629,72
1769,Female,50,1369504,42
1770,Male,38,1345604,39
1771,Male,48,1377116,38
1772,Male,54,910003,13
1773,Female,61,802512,23
1774,Female,24,1203618,93
1775,Male,25,1151816,92
1776,Female,55,1474055,48
1777,Female,31,777780,73
1778,Female,22,1183660,73
1779,Male,41,506607,48
1780,Male,37,442950,48
1781,Female,55,1386867,47
1782,Male,43,535730,54
1783,Female,45,400074,61
1784,Female,20,1333424,82
1785,Female,24,960388,88
1786,Female,20,1300816,88
1787,Male,36,720088,73
1788,Male,46,569100,49
1789,Female,61,875695,19
1790,Male,58,861144,5
1791,Male,46,666802,26
1792,Female,33,689418,70
1793,Female,44,502141,51
1794,Female,27,1258716,81
1795,Male,60,875274,22
1796,Female,39,516176,55
1797,Male,49,1281848,45
1798,Female,26,1154905,83
1799,Male,39,635446,45
1800,Female,35,373510,27
1801,Male,31,841818,76
1802,Female,30,817201,71
1803,Male,49,1500000,45
1804,Male,53,839217,23
1805,Female,31,696365,56
1806,Female,40,418712,49
1807,Male,58,878016,38
1808,Male,29,821151,79
1809,Male,37,474960,29
1810,Male,39,987273,79
1811,Male,34,731525,83
1812,Male,42,1352265,36
1813,Male,53,1489176,46
1814,Male,50,1223020,36
1815,Female,38,440595,39
1816,Female,52,1358766,27
1817,Female,54,770908,20
1818,Male,36,774271,70
1819,Male,52,801433,15
1820,Female,52,999410,30
1821,Female,49,499216,48
1822,Male,51,1473046,26
1823,Male,47,1446358,43
1824,Male,24,1255471,87
1825,Female,28,1093170,82
1826,Female,31,893146,70
1827,Male,52,411493,43
1828,Female,33,682316,73
1829,Female,57,704354,25
1830,Male,45,420817,49
1831,Female,39,566243,42
1832,Male,33,749816,81
1833,Male,54,1019126,27
1834,Female,26,1103405,79
1835,Male,29,792366,73
1836,Male,57,1038262,30
1837,Female,26,1223268,77
1838,Female,29,1129004,80
1839,Female,53,908148,20
1840,Male,56,839459,13
1841,Male,59,836387,17
1842,Male,61,876224,16
1843,Male,24,1134955,90
1844,Female,22,1041416,82
1845,Female,27,1359954,93
1846,Male,30,437244,35
1847,Male,29,1265552,90
1848,Male,24,1187770,91
1849,Male,38,1354433,37
1850,Female,42,578823,42
1851,Female,32,577929,57
1852,Male,44,1334728,18
1853,Male,61,968508,17
1854,Male,27,836195,73
1855,Male,62,1121273,29
1856,Male,39,493649,61
1857,Male,51,1238654,32
1858,Male,60,1016260,30
1859,Female,38,490129,30
1860,Male,37,476474,58
1861,Female,58,1071121,22
1862,Female,20,1073655,83
1863,Female,27,968368,53
1864,Female,48,1356355,29
1865,Female,55,1332935,42
1866,Female,49,1401579,29
1867,Female,28,1288969,98
1868,Male,42,331330,44
1869,Female,18,1290076,85
1870,Male,52,1500000,35
1871,Male,49,1257648,33
1872,Male,27,691169,79
1873,Male,53,757881,19
1874,Male,51,1327651,23
1875,Male,53,1499870,35
1876,Male,49,547004,24
1877,Female,44,580715,36
1878,Female,43,1324896,33
1879,Female,39,653834,46
1880,Female,32,998619,73
1881,Male,28,1201168,69
1882,Male,34,484528,55
1883,Female,29,752379,68
1884,Female,44,516042,62
1885,Female,61,763136,24
1886,Male,60,978279,11
1887,Female,38,545638,48
1888,Female,30,1480146,92
1889,Female,49,1263167,27
1890,Female,38,742732,37
1891,Male,41,721542,56
1892,Female,30,835535,68
1893,Male,58,1491074,31
1894,Female,36,583273,50
1895,Female,38,434235,42
1896,Female,32,1306371,93
1897,Male,30,686359,58
1898,Male,59,903462,28
1899,Male,32,915247,88
1900,Male,32,811041,77
1901,Female,55,866911,16
1902,Female,41,405545,55
1903,Female,38,480495,36
1904,Male,22,1077729,93
1905,Male,63,812990,17
1906,Female,26,1290818,86
1907,Male,57,695541,22
1908,Male,44,483871,48
1909,Male,30,749375,80
1910,Female,21,1392347,88
1911,Male,35,897943,79
1912,Female,28,1324562,88
1913,Male,48,351963,50
1914,Male,39,1161720,42
1915,Male,57,915187,31
1916,Female,32,1427719,76
1917,Male,40,454480,39
1918,Female,64,1024158,23
1919,Male,50,925548,13
1920,Male,54,1308878,24
1921,Male,49,1291330,30
1922,Female,24,1348734,79
1923,Female,54,1018904,23
1924,Female,33,420189,50
1925,Female,26,909118,55
1926,Female,51,1371572,36
1927,Male,30,1161475,96
1928,Female,26,939962,93
1929,Male,38,623308,63
1930,Female,44,366591,39
1931,Female,55,990415,26
1932,Female,33,924898,81
1933,Male,27,1302358,99
1934,Female,51,516405,62
1935,Female,21,1112684,90
1936,Male,49,1484698,35
1937,Female,34,762529,72
1938,Male,54,801836,21
1939,Male,55,759402,21
1940,Male,60,870699,26
1941,Female,57,812918,12
1942,Male,30,649532,84
1943,Male,48,1500000,30
1944,Female,24,1500000,69
1945,Male,53,994313,28
1946,Female,61,874334,21
1947,Male,61,1052811,15
1948,Female,42,1136272,26
1949,Male,27,751520,77
1950,Female,25,1129309,83
1951,Male,30,697564,68
1952,Male,49,1363608,33
1953,Female,43,395046,56
1954,Female,36,786262,78
1955,Male,38,419647,41
1956,Female,25,1391358,84
1957,Female,36,846749,75
1958,Female,37,747689,69
1959,Male,48,1436719,37
1960,Male,47,1473780,19
1961,Male,55,1073483,9
1962,Male,29,917821,57
1963,Male,65,897614,28
1964,Male,31,702701,82
1965,Male,47,376173,39
1966,Female,21,1011073,74
1967,Female,31,767011,65
1968,Male,39,782899,75
1969,Female,52,1335649,45
1970,Female,41,1499941,44
1971,Male,25,1076237,86
1972,Female,49,1480153,31
1973,Female,49,1298529,10
1974,Female,33,756214,66
1975,Female,53,1224416,51
1976,Female,28,1274345,78
1977,Female,53,1450024,33
1978,Male,50,1500000,44
1979,Male,59,927166,25
1980,Male,48,447596,30
1981,Female,30,988886,77
1982,Male,28,1272276,78
1983,Male,42,457745,46
1984,Male,41,575089,88
1985,Female,50,1274087,39
1986,Female,33,458045,37
1987,Female,58,837810,25
1988,Male,42,502081,43
1989,Male,55,804049,22
1990,Male,54,1413533,51
1991,Female,58,882610,8
1992,Female,25,1231204,88
1993,Female,18,1309269,100
1994,Female,45,1430687,50
1995,Male,52,1500000,35
1996,Male,61,786219,38
1997,Male,64,1070675,19
1998,Male,54,1092358,23
1999,Female,27,789607,74
2000,Female,29,899748,85
2001,Female,38,530100,39
2002,Female,34,749239,71
2003,Male,56,1106745,48
2004,Male,43,1441233,22
2005,Male,54,850083,25
2006,Female,37,509937,47
2007,Male,31,585707,61
2008,Male,52,828510,21
2009,Male,37,480447,54
2010,Female,43,519614,43
2011,Male,46,1350575,24
2012,Female,33,705686,63
2013,Female,56,837687,18
2014,Female,42,1294105,34
2015,Female,52,770759,21
2016,Male,51,1383841,33
2017,Female,39,630182,48
2018,Male,53,1347413,36
2019,Male,44,1493570,30
2020,Female,34,835719,62
2021,Male,36,765008,60
2022,Female,23,1202624,74
2023,Female,59,1343141,30
2024,Female,50,1403024,22
2025,Female,55,1019531,17
2026,Female,29,768775,71
2027,Male,48,550021,30
2028,Female,55,858711,20
2029,Female,23,1336649,89
2030,Female,58,824609,20
2031,Female,45,540046,40
2032,Male,55,834611,20
2033,Male,57,764817,21
2034,Female,27,818355,72
2035,Male,47,1480193,39
2036,Female,24,736822,81
2037,Male,58,1066623,28
2038,Male,49,499705,54
2039,Female,27,648724,81
2040,Male,42,454964,44
2041,Male,25,1013193,88
2042,Female,25,1319867,85
2043,Male,32,693854,72
2044,Female,26,1245069,65
2045,Male,30,596288,68
2046,Male,27,1110054,89
2047,Female,48,1452308,47
2048,Female,26,1439753,87
2049,Male,57,902013,26
2050,Female,27,759439,77
2051,Male,25,1286161,78
2052,Male,25,643443,71
2053,Male,59,1224624,21
2054,Male,53,834948,31
2055,Male,31,817745,78
2056,Female,24,1271668,86
2057,Male,25,1109957,90
2058,Female,59,1302368,31
2059,Female,33,834751,93
2060,Male,49,1500000,24
2061,Female,30,689593,97
2062,Female,46,1497665,42
2063,Male,47,499848,44
2064,Male,28,1498214,86
2065,Female,46,1440050,33
2066,Female,42,564270,56
2067,Female,59,905490,28
2068,Male,56,1009038,23
2069,Male,25,1251524,94
2070,Female,65,783076,14
2071,Female,30,789088,69
2072,Male,27,1183717,98
2073,Female,53,1500000,24
2074,Female,41,1488174,32
2075,Female,40,622950,59
2076,Male,47,1500000,45
2077,Female,38,553087,50
2078,Female,47,536862,43
2079,Male,50,647338,57
2080,Female,33,726122,75
2081,Male,48,1417821,33
2082,Female,55,977026,21
2083,Male,43,1369611,44
2084,Male,31,716801,81
2085,Male,44,649390,49
2086,Female,33,693361,85
2087,Male,34,675133,68
2088,Male,55,853687,26
2089,Male,53,1204784,47
2090,Male,64,839580,24
2091,Female,51,438606,64
2092,Female,34,619768,81
2093,Male,36,654609,82
2094,Male,41,421372,41
2095,Male,32,777163,73
2096,Female,27,1082511,96
2097,Male,24,1398142,87
2098,Male,52,1441451,43
2099,Female,55,784684,19
2100,Male,40,430038,59
2101,Male,42,1500000,28
2102,Male,44,1500000,39
2103,Female,34,696843,81
2104,Female,51,584886,49
2105,Female,59,1483514,41
2106,Female,43,674147,51
2107,Male,30,760632,66
2108,Male,53,1500000,44
2109,Female,24,991506,84
2110,Male,51,1348874,41
2111,Male,24,942332,84
2112,Male,47,1480393,36
2113,Male,37,704244,73
2114,Female,39,487603,39
2115,Male,56,854745,29
2116,Male,33,715236,61
2117,Female,55,1319699,28
2118,Male,45,1350895,32
2119,Female,33,582835,69
2120,Female,47,473587,50
2121,Female,27,1322407,90
2122,Female,46,535205,40
2123,Female,33,780033,78
2124,Male,50,1368278,39
2125,Male,38,441417,25
2126,Male,57,1500000,31
2127,Male,23,1207355,80
2128,Female,51,1384664,34
2129,Female,51,1486602,30
2130,Male,59,984896,16
2131,Male,55,1122304,12
2132,Male,49,1469591,49
2133,Female,29,1436111,81
2134,Male,42,1451073,42
2135,Female,56,1437497,28
2136,Female,43,580138,46
2137,Female,26,1237639,95
2138,Female,57,868530,16
2139,Male,48,1323938,42
2140,Male,45,1485120,42
2141,Male,28,1332507,96
2142,Female,25,1137482,97
2143,Male,22,1244454,84
2144,Male,23,1167569,80
2145,Female,55,921192,19
2146,Female,30,753608,70
2147,Male,33,818940,75
2148,Male,41,492932,41
2149,Female,51,1488049,40
2150,Female,38,430351,56
2151,Female,28,697171,64
2152,Male,53,832659,10
2153,Female,22,1041176,81
2154,Female,36,572289,52
2155,Female,54,870642,16
2156,Female,45,1439767,20
2157,Male,40,484693,46
2158,Male,22,1192854,84
2159,Female,59,935696,21
2160,Male,52,1229976,45
2161,Female,29,1396245,87
2162,Female,18,1002213,91
2163,Female,38,514065,50
2164,Female,27,1370709,85
2165,Female,26,1445901,85
2166,Female,47,536370,48
2167,Male,57,871942,19
2168,Male,23,1131252,83
2169,Female,60,808123,28
2170,Female,26,1090583,87
2171,Female,52,1361472,28
2172,Female,36,656462,40
2173,Female,30,689593,62
2174,Female,40,515543,43
2175,Female,36,410277,53
2176,Female,27,681279,68
2177,Female,29,809564,67
2178,Male,34,721353,70
2179,Male,55,1431866,40
2180,Female,30,818192,74
2181,Male,58,1301411,38
2182,Female,43,370777,41
2183,Male,31,530181,49
2184,Male,49,527097,38
2185,Male,59,1025704,13
2186,Female,59,1471671,28
2187,Male,47,628947,61
2188,Male,21,1206018,85
2189,Male,33,849055,71
2190,Male,30,497592,52
2191,Female,30,577653,74
2192,Female,26,1109791,87
2193,Male,24,1197601,84
2194,Male,37,867905,91
2195,Male,57,1475916,39
2196,Male,55,1487428,33
2197,Female,23,1329055,74
2198,Female,33,1210931,72
2199,Female,48,1287607,20
2200,Female,39,420075,50
2201,Female,34,815950,64
2202,Male,40,1426502,34
2203,Female,28,676587,56
2204,Male,32,755968,68
2205,Male,52,1498721,29
2206,Female,24,1249438,75
2207,Male,38,500350,51
2208,Female,32,788301,74
2209,Female,37,748177,84
2210,Male,30,738335,80
2211,Female,48,360945,43
2212,Male,61,658885,18
2213,Female,42,560932,59
2214,Male,60,862139,17
2215,Male,56,899522,23
2216,Male,53,914820,24
2217,Female,45,469346,57
2218,Male,56,1451770,40
2219,Male,27,1215601,87
2220,Male,43,1500000,30
2221,Female,27,1194967,87
2222,Male,29,1093469,78
2223,Male,19,1059219,90
2224,Male,60,843237,24
2225,Female,27,1246520,78
2226,Male,67,933555,10
2227,Female,29,1225674,82
2228,Female,33,813734,57
2229,Female,39,604541,44
2230,Male,37,813363,62
2231,Male,56,948937,30
2232,Male,52,1341739,55
2233,Male,40,463730,45
2234,Female,55,912964,23
2235,Male,23,1069481,90
2236,Female,28,1233000,83
2237,Male,30,1096129,84
2238,Female,58,777804,16
2239,Male,45,548438,41
2240,Female,27,723177,63
2241,Female,57,1336990,33
2242,Male,40,409990,57
2243,Female,53,928360,13
2244,Female,51,1338366,15
2245,Female,27,1071646,92
2246,Male,34,551305,58
2247,Female,34,658552,71
2248,Male,58,953518,23
2249,Male,37,518832,44
2250,Female,49,1500000,23
2251,Female,25,1140124,89
2252,Male,29,582270,71
2253,Male,52,995163,16
2254,Female,23,1077671,83
2255,Male,57,939255,16
2256,Female,46,1500000,33
2257,Female,25,1500000,87
2258,Male,39,637831,54
2259,Female,24,1232725,84
2260,Male,53,830342,19
2261,Female,52,1500000,42
2262,Male,54,1447177,31
2263,Male,56,1328240,48
2264,Male,52,843430,19
2265,Male,62,1500000,30
2266,Male,25,730230,82
2267,Male,24,1160013,77
2268,Male,51,1338312,37
2269,Female,21,1128303,90
2270,Male,43,347293,48
2271,Male,54,1322140,41
2272,Female,27,916895,79
2273,Male,52,1302382,46
2274,Male,49,1447952,29
2275,Female,52,1359727,23
2276,Male,26,1333148,79
2277,Male,64,1156365,24
2278,Female,48,1439398,35
2279,Male,48,1298088,40
2280,Female,60,845955,24
2281,Male,22,1335419,80
2282,Male,54,868146,23
2283,Female,40,1500000,37
2284,Female,28,1132232,82
2285,Female,31,1154369,96
2286,Male,41,570896,52
2287,Male,44,1274474,43
2288,Female,26,1305571,84
2289,Male,43,468764,40
2290,Male,51,1372305,30
2291,Male,39,403903,55
2292,Female,31,674033,59
2293,Male,43,1444270,30
2294,Male,29,1190020,81
2295,Female,46,1264852,52
2296,Female,28,1225563,82
2297,Female,31,778814,82
2298,Male,33,756492,87
2299,Female,46,1498128,37
2300,Male,61,888046,24
2301,Male,29,1186395,80
2302,Female,27,1255985,85
2303,Female,33,578736,55
2304,Female,46,1279503,31
2305,Male,22,1215805,87
2306,Male,60,848604,27
2307,Male,55,1500000,27
2308,Female,21,1030689,89
2309,Male,54,884722,20
2310,Female,28,1155660,86
2311,Female,55,1408081,43
2312,Female,36,588140,45
2313,Female,50,1500000,22
2314,Female,36,1441154,46
2315,Male,30,660707,63
2316,Female,32,878182,65
2317,Female,36,734357,76
2318,Female,25,1388890,95
2319,Male,52,472448,45
2320,Male,56,959534,26
2321,Male,48,1364866,29
2322,Female,35,668532,84
2323,Female,51,1333127,38
2324,Male,58,1500000,33
2325,Male,41,433879,47
2326,Female,30,1169832,87
2327,Male,28,705251,70
2328,Female,39,618441,39
2329,Male,45,1193533,32
2330,Female,36,366923,33
2331,Female,54,1500000,29
2332,Male,26,1146450,84
2333,Female,22,1189579,88
2334,Male,24,1266934,84
2335,Female,22,1213443,88
2336,Male,32,802591,59
2337,Male,41,1382915,24
2338,Female,50,462224,58
2339,Male,32,791616,72
2340,Male,59,831885,35
2341,Male,39,635201,43
2342,Female,22,1194199,88
2343,Female,62,727530,16
2344,Male,26,767323,72
2345,Female,34,846161,82
2346,Male,33,565261,47
2347,Female,22,1133023,79
2348,Male,49,1485872,37
2349,Male,27,1153516,76
2350,Male,49,1343056,35
2351,Male,28,767287,66
2352,Female,37,846902,72
2353,Male,33,747095,73
2354,Male,38,783227,57
2355,Male,27,1387465,99
2356,Female,53,1348069,13
2357,Female,45,1500000,33
2358,Male,60,759659,26
2359,Male,25,1133436,74
2360,Male,46,341749,44
2361,Female,23,1213384,88
2362,Male,42,544022,44
2363,Male,60,900534,25
2364,Female,46,1223131,28
2365,Male,23,612481,74
2366,Female,47,523855,63
2367,Female,43,1426393,36
2368,Male,55,782027,14
2369,Male,27,1200540,82
2370,Male,57,771535,14
2371,Female,25,1283019,96
2372,Male,31,715320,77
2373,Male,44,385167,48
2374,Male,41,546041,44
2375,Female,64,829925,24
2376,Female,31,1342228,88
2377,Female,64,847784,14
2378,Male,24,1278907,80
2379,Female,61,809305,22
2380,Female,41,546466,56
2381,Male,61,881904,19
2382,Male,26,1199017,83
2383,Female,36,441370,59
2384,Male,28,770332,68
2385,Male,36,441276,41
2386,Male,39,513748,27
2387,Male,43,1491371,35
2388,Male,47,520980,65
2389,Male,33,497199,82
2390,Female,37,586742,41
2391,Female,45,463208,46
2392,Male,43,490951,64
2393,Female,28,799412,64
2394,Male,19,1316687,79
2395,Female,46,579754,40
2396,Male,54,1059519,30
2397,Male,52,1494979,41
2398,Male,55,1482728,30
2399,Male,27,684565,88
2400,Female,52,1500000,41
2401,Male,28,1034336,97
2402,Male,42,586263,44
2403,Male,57,678851,32
2404,Male,60,844765,19
2405,Male,62,873440,21
2406,Female,43,523196,57
2407,Female,47,349364,38
2408,Female,25,1323726,85
2409,Male,38,710921,73
2410,Female,49,1288020,24
2411,Male,42,1277779,35
2412,Male,49,1460898,27
2413,Female,35,587063,54
2414,Female,61,909018,16
2415,Female,61,951300,27
2416,Male,28,628633,79
2417,Female,41,452405,44
2418,Female,30,898105,70
2419,Female,31,813597,61
2420,Female,28,610642,75
2421,Male,57,775522,22
2422,Male,26,1297456,77
2423,Female,22,1050229,90
2424,Male,24,718533,74
2425,Male,44,825377,22
2426,Female,27,1163730,84
2427,Female,40,918153,70
2428,Female,35,495813,44
2429,Female,30,829102,68
2430,Male,47,1490387,37
2431,Male,42,498680,64
2432,Female,37,456016,47
2433,Female,22,1213398,82
2434,Male,27,1207929,90
2435,Female,38,585065,62
2436,Male,22,1204057,86
2437,Male,32,936366,58
2438,Male,56,1345212,40
2439,Male,35,505375,43
2440,Male,36,567297,48
2441,Male,52,1500000,32
2442,Female,35,956653,66
2443,Female,50,1389625,35
2444,Male,43,413610,48
2445,Male,36,469323,44
2446,Female,37,567705,51
2447,Male,54,1234331,46
2448,Female,39,871765,79
2449,Female,42,620766,41
2450,Male,44,555093,54
2451,Female,39,463202,63
2452,Male,60,826982,35
2453,Male,62,777613,16
2454,Female,32,1236428,86
2455,Male,54,856932,17
2456,Female,29,907316,77
2457,Male,36,514659,55
2458,Female,26,846263,87
2459,Female,39,776090,66
2460,Male,32,618407,54
2461,Female,60,626634,15
2462,Male,47,1459899,38
2463,Female,64,694203,25
2464,Female,43,592070,51
2465,Female,45,493680,44
2466,Male,29,677166,63
2467,Female,60,863509,26
2468,Male,25,1225097,90
2469,Male,32,925202,69
2470,Male,51,888088,19
2471,Female,54,1068376,12
2472,Male,32,700231,69
2473,Female,24,1144178,81
2474,Female,27,1154790,86
2475,Female,24,1165222,78
2476,Female,27,682433,69
2477,Female,43,1177679,38
2478,Female,31,738178,67
2479,Female,19,1384790,87
2480,Male,37,618398,47
2481,Female,33,754483,78
2482,Male,49,1424669,28
2483,Male,25,1255427,82
2484,Female,53,1500000,27
2485,Male,43,499925,41
2486,Female,57,1360447,25
2487,Male,54,801805,17
2488,Male,35,863776,65
2489,Female,57,1500000,47
2490,Female,35,678580,48
2491,Female,25,1293880,99
2492,Female,38,923041,79
2493,Female,48,1178161,35
2494,Female,26,808019,77
2495,Female,61,880878,25
2496,Female,48,451243,43
2497,Male,55,1045936,16
2498,Female,54,1354758,32
2499,Female,49,1480254,43
2500,Female,59,871870,23
2501,Male,53,551728,16
2502,Male,20,1400624,91
2503,Female,36,592440,31
2504,Female,43,468804,52
2505,Female,55,894606,19
2506,Female,59,950948,26
2507,Female,26,1193384,84
2508,Male,27,1145247,76
2509,Female,38,436956,41
2510,Male,31,758222,59
2511,Female,26,1287219,70
2512,Male,46,1415153,34
2513,Male,59,841636,17
2514,Female,41,440273,48
2515,Female,23,1189889,82
2516,Female,25,717939,66
2517,Male,31,1335101,86
2518,Male,53,904960,21
2519,Female,43,602768,38
2520,Male,36,450051,32
2521,Male,32,817037,67
2522,Male,28,678454,72
2523,Female,27,723741,78
2524,Female,39,553619,75
2525,Male,33,750892,51
2526,Male,35,597755,64
2527,Female,43,430513,39
2528,Male,57,931145,18
2529,Female,45,1387738,32
2530,Male,55,783144,20
2531,Male,22,1193631,80
2532,Male,48,1484909,22
2533,Female,42,579641,50
2534,Female,25,1146547,70
2535,Male,28,1276513,81
2536,Female,36,615411,43
2537,Male,58,766813,19
2538,Female,32,641481,83
2539,Male,35,766443,82
2540,Female,40,507827,44
2541,Female,45,612731,55
2542,Male,52,1217220,33
2543,Male,25,1261068,89
2544,Female,20,789847,73
2545,Female,30,578446,63
2546,Female,39,581717,36
2547,Female,27,1083931,65
2548,Female,42,1211417,24
2549,Male,28,869868,67
2550,Female,41,628936,74
2551,Female,44,1461556,38
2552,Male,39,399467,59
2553,Male,27,803173,78
2554,Female,62,938318,22
2555,Female,38,553385,40
2556,Female,41,1209799,33
2557,Male,55,886632,9
2558,Female,51,956192,25
2559,Female,36,583618,80
2560,Female,64,1120736,16
2561,Male,45,361291,22
2562,Female,25,1359363,93
2563,Male,26,677711,79
2564,Male,26,1228528,75
2565,Female,43,672967,47
2566,Female,65,910373,33
2567,Female,37,532000,39
2568,Female,60,769557,31
2569,Female,22,1211097,86
2570,Male,25,1163152,90
2571,Male,44,503596,58
2572,Male,56,999781,30
2573,Female,25,1318447,66
2574,Male,50,765771,12
2575,Male,33,816330,68
2576,Female,47,415836,35
2577,Female,57,940069,23
2578,Female,54,1307052,29
2579,Female,45,582201,52
2580,Female,30,953908,83
2581,Female,24,1206821,75
2582,Male,61,870458,23
2583,Male,33,685986,69
2584,Female,53,1473645,34
2585,Male,61,850554,26
2586,Male,44,1484463,50
2587,Male,63,973754,8
2588,Female,28,1215775,84
2589,Male,58,899201,14
2590,Male,35,626004,61
2591,Male,31,750274,67
2592,Female,34,648675,57
2593,Male,59,1004719,35
2594,Male,24,1014992,78
2595,Male,24,1267261,73
2596,Male,25,889486,82
2597,Female,55,1009257,14
2598,Male,55,873216,18
2599,Male,60,940266,18
2600,Female,51,470238,60
2601,Male,59,976618,30
2602,Female,24,1254901,83
2603,Male,44,518861,60
2604,Female,51,1500000,44
2605,Male,34,886462,75
2606,Male,64,796750,24
2607,Female,54,785512,19
2608,Male,59,888208,29
2609,Male,44,579631,39
2610,Male,53,1272465,34
2611,Male,55,1437326,46
2612,Male,49,1500000,35
2613,Female,48,766378,68
2614,Female,28,1145005,79
2615,Male,27,1416664,90
2616,Male,52,905452,23
2617,Male,42,1255060,34
2618,Male,43,1261373,26
2619,Male,60,1017304,21
2620,Female,62,830325,18
2621,Female,40,543161,37
2622,Male,30,814704,64
2623,Female,50,1346381,25
2624,Female,63,854815,23
2625,Female,28,1291589,77
2626,Female,31,779395,51
2627,Male,40,1390458,29
2628,Female,20,1226791,100
2629,Female,52,720230,24
2630,Female,22,992156,95
2631,Female,28,679484,62
2632,Female,23,1380565,81
2633,Male,24,768032,57
2634,Male,63,1004952,36
2635,Female,50,1491323,44
2636,Female,46,1492937,31
2637,Male,23,1064667,76
2638,Male,40,558744,30
2639,Female,28,725295,64
2640,Male,24,1273889,77
2641,Male,49,869595,22
2642,Female,48,534709,40
2643,Female,31,678697,66
2644,Male,26,1089411,78
2645,Male,41,438227,44
2646,Female,49,1045880,20
2647,Female,29,805122,77
2648,Male,44,413630,42
2649,Female,25,1306122,88
2650,Female,25,516284,69
2651,Female,39,470032,41
2652,Male,59,1477552,36
2653,Female,53,1345032,40
2654,Female,25,1241353,83
2655,Female,34,763939,68
2656,Male,48,1341296,20
2657,Male,56,1056067,18
2658,Male,37,723982,75
2659,Male,23,1254201,86
2660,Male,55,960695,25
2661,Female,58,984343,26
2662,Female,58,841222,14
2663,Male,60,987752,34
2664,Female,26,1257685,89
2665,Male,25,1159276,80
2666,Female,34,867044,54
2667,Male,29,661550,63
2668,Female,58,889167,17
2669,Female,29,859269,77
2670,Female,26,632672,73
2671,Female,32,957113,82
2672,Female,63,951535,26
2673,Female,25,786049,72
2674,Male,44,1465603,33
2675,Male,46,336902,54
2676,Female,23,1191250,78
2677,Female,33,695956,82
2678,Female,26,1081362,90
2679,Male,57,710411,17
2680,Female,37,860319,67
2681,Female,27,695206,67
2682,Male,35,576059,57
2683,Male,52,1032281,11
2684,Female,56,1486625,45
2685,Male,57,905323,26
2686,Male,28,1401303,71
2687,Male,49,1439586,28
2688,Male,39,484934,36
2689,Male,27,760157,58
2690,Male,31,643807,73
2691,Male,48,1290194,39
2692,Male,44,1500000,31
2693,Female,45,467692,47
2694,Male,54,1000538,28
2695,Female,24,1253513,91
2696,Female,63,681581,15
2697,Male,27,765179,61
2698,Female,50,766685,23
2699,Male,31,708779,72
2700,Female,38,594748,38
2701,Female,41,526012,61
2702,Female,35,488490,59
2703,Male,35,845906,61
2704,Male,46,477592,40
2705,Female,35,636243,66
2706,Male,38,523910,47
2707,Male,35,582229,80
2708,Female,48,397582,46
2709,Male,22,1123908,86
2710,Male,50,402756,51
2711,Male,54,935875,11
2712,Female,35,634602,74
2713,Male,50,711383,27
2714,Male,49,1500000,34
2715,Female,55,1488373,34
2716,Female,63,1466271,31
2717,Female,25,1333717,84
2718,Male,28,717004,70
2719,Male,21,842448,71
2720,Female,29,1373637,98
2721,Female,24,1019504,79
2722,Male,32,474653,66
2723,Female,43,589694,47
2724,Male,36,536950,32
2725,Female,24,1103324,85
2726,Male,59,841181,23
2727,Female,35,626114,31
2728,Male,53,1286813,35
2729,Male,50,1416191,32
2730,Female,27,1143863,77
2731,Female,38,525425,42
2732,Male,54,1335386,32
2733,Male,37,432065,52
2734,Male,48,1249483,33
2735,Female,40,715790,77
2736,Male,23,1238085,85
2737,Female,49,1500000,29
2738,Female,37,522381,33
2739,Female,51,1359797,33
2740,Female,55,751927,30
2741,Male,33,469686,64
2742,Female,58,951939,28
2743,Female,55,1500000,32
2744,Female,31,749828,68
2745,Female,42,593703,39
2746,Female,18,1315541,80
2747,Male,33,498638,42
2748,Female,41,618994,50
2749,Male,50,1327153,34
2750,Male,51,1498286,28
2751,Male,33,699248,81
2752,Female,63,1373755,30
2753,Male,54,771872,18
2754,Male,40,1490811,33
2755,Male,28,728995,68
2756,Female,38,899013,71
2757,Male,57,1450056,33
2758,Female,32,1231916,86
2759,Male,54,1320789,49
2760,Male,41,584236,48
2761,Female,22,1216323,68
2762,Female,43,541217,43
2763,Male,51,1281319,29
2764,Male,37,627163,47
2765,Male,28,667003,67
2766,Male,35,925749,80
2767,Female,54,992125,16
2768,Male,44,535279,67
2769,Male,30,768693,53
2770,Male,27,1332211,95
2771,Female,42,523325,53
2772,Female,58,997984,22
2773,Male,45,1369555,33
2774,Female,54,1463470,30
2775,Female,26,1278682,81
2776,Female,50,1308138,40
2777,Female,27,1356231,88
2778,Female,47,922898,20
2779,Male,22,1336593,81
2780,Female,30,1062659,87
2781,Male,30,1229327,92
2782,Female,55,953414,21
2783,Male,60,1245159,27
2784,Female,33,545193,56
2785,Female,41,481909,64
2786,Female,47,581796,50
2787,Female,29,693812,78
2788,Female,41,566735,54
2789,Female,38,742015,71
2790,Female,43,554913,44
2791,Female,42,593259,44
2792,Female,27,765695,56
2793,Female,50,557293,49
2794,Male,58,1112605,16
2795,Male,46,792807,53
2796,Male,58,1258419,34
2797,Male,56,944660,22
2798,Female,25,1118008,80
2799,Male,51,1487405,30
2800,Male,52,995379,17
2801,Female,42,752047,42
2802,Female,45,510147,38
2803,Female,31,636724,68
2804,Male,38,831217,58
2805,Male,43,510436,44
2806,Male,57,1360052,38
2807,Male,56,862371,11
2808,Female,28,830864,68
2809,Female,45,599645,43
2810,Female,49,1369966,28
2811,Male,62,913682,21
2812,Female,52,832779,10
2813,Female,46,529808,51
2814,Female,25,1220976,89
2815,Male,55,972233,19
2816,Male,50,343280,50
2817,Male,35,487532,51
2818,Male,56,995614,15
2819,Male,42,264097,47
2820,Female,44,468882,60
2821,Male,54,917122,18
2822,Male,27,864334,81
2823,Female,39,868390,54
2824,Female,43,474052,47
2825,Male,40,474505,41
2826,Female,36,631612,62
2827,Female,55,1494052,32
2828,Female,42,594714,47
2829,Female,47,1373972,35
2830,Female,39,390542,47
2831,Male,39,563594,55
2832,Male,46,560218,58
2833,Male,33,664849,60
2834,Male,26,815964,66
2835,Male,46,407872,48
2836,Male,52,872990,31
2837,Male,63,770962,18
2838,Male,36,866676,82
2839,Male,43,591371,32
2840,Female,27,703122,80
2841,Male,34,823034,74
2842,Male,24,636069,78
2843,Female,47,1436916,45
2844,Male,34,632309,50
2845,Male,50,488747,42
2846,Female,27,699871,75
2847,Female,65,790236,27
2848,Female,28,1186975,82
2849,Male,46,448359,48
2850,Male,25,590875,61
2851,Female,31,749002,69
2852,Male,28,784607,66
2853,Female,40,506952,46
2854,Male,53,1500000,36
2855,Female,21,1165480,82
2856,Female,66,1048378,27
2857,Male,26,1001681,70
2858,Female,27,601289,69
2859,Male,62,765110,18
2860,Male,44,565175,53
2861,Male,55,1246258,31
2862,Male,57,909359,24
2863,Female,26,1248308,72
2864,Female,21,1174927,86
2865,Female,31,856781,69
2866,Female,65,823082,28
2867,Male,29,1327761,100
2868,Male,31,667630,71
2869,Female,34,757404,66
2870,Female,48,843565,29
2871,Male,37,734829,87
2872,Female,40,497371,50
2873,Male,29,770024,74
2874,Male,61,841246,32
2875,Male,34,443750,54
2876,Male,30,704276,80
2877,Male,41,1407189,36
2878,Male,28,747491,58
2879,Male,50,1487888,36
2880,Male,52,1004789,29
2881,Male,38,539471,52
2882,Female,32,762671,61
2883,Male,21,1405074,90
2884,Female,54,877575,19
2885,Male,57,1500000,29
2886,Female,27,1351939,79
2887,Female,52,1286899,42
2888,Male,49,1500000,29
2889,Female,58,1374101,34
2890,Male,43,503054,47
2891,Male,32,1049012,77
2892,Male,42,1331356,41
2893,Male,30,1203304,84
2894,Female,40,607457,55
2895,Female,28,988737,66
2896,Male,35,961679,69
2897,Male,33,322524,44
2898,Female,43,407269,41
2899,Male,44,389442,44
2900,Male,29,762159,65
2901,Female,47,1231496,24
2902,Male,44,620284,45
2903,Male,42,568739,35
2904,Male,30,860679,76
2905,Male,28,1159860,89
2906,Female,51,1477437,47
2907,Female,46,439422,43
2908,Male,27,1284158,92
2909,Female,22,1271777,80
2910,Male,54,1217992,36
2911,Male,62,804642,29
2912,Male,46,1333484,37
2913,Male,58,743131,15
2914,Female,61,1062940,19
2915,Male,56,972306,20
2916,Female,25,1304509,81
2917,Male,31,649209,71
2918,Male,47,1496608,33
2919,Male,46,656016,20
2920,Female,38,489924,33
2921,Female,23,1131387,84
2922,Male,54,833144,30
2923,Female,49,1465708,40
2924,Female,64,853803,15
2925,Male,50,1469032,33
2926,Female,27,1145859,87
2927,Female,29,1239247,88
2928,Male,40,505251,47
2929,Female,32,865671,81
2930,Female,30,706260,80
2931,Male,52,1048280,24
2932,Female,44,525053,52
2933,Female,60,767938,31
2934,Male,32,689337,66
2935,Male,62,855596,25
2936,Male,39,478554,41
2937,Female,51,1394694,26
2938,Female,46,1439986,36
2939,Female,28,1124962,81
2940,Male,59,947272,27
2941,Female,26,715176,66
2942,Male,38,315664,51
2943,Male,38,489989,50
2944,Female,58,1448992,44
2945,Female,38,321319,46
2946,Female,26,712801,82
2947,Male,27,573375,75
2948,Male,54,1447815,42
2949,Female,25,1290297,91
2950,Female,50,1491503,36
2951,Male,49,1401789,45
2952,Female,55,707100,21
2953,Male,41,743546,67
2954,Female,39,372665,45
2955,Female,46,1430616,39
2956,Male,29,788750,78
2957,Female,51,1483608,26
2958,Female,59,960112,14
2959,Female,46,625005,51
2960,Male,29,793119,78
2961,Female,43,535191,40
2962,Male,50,1409035,32
2963,Female,27,1047373,88
2964,Male,27,726998,77
2965,Female,20,999583,80
2966,Male,48,1387234,34
2967,Male,61,709913,30
2968,Female,36,687296,50
2969,Male,45,1297322,39
2970,Male,30,798426,76
2971,Male,57,862544,20
2972,Male,29,1352879,97
2973,Female,28,732596,85
2974,Male,60,945076,21
2975,Male,42,1499070,44
2976,Female,25,1247097,87
2977,Female,22,1133341,93
2978,Male,41,491515,41
2979,Female,41,1331072,23
2980,Female,55,1003423,24
2981,Female,44,444689,46
2982,Male,29,789084,81
2983,Female,35,622103,75
2984,Female,45,433757,34
2985,Male,53,1288826,44
2986,Female,62,831563,21
2987,Female,32,383144,47
2988,Male,20,1223203,95
2989,Male,26,716430,67
2990,Male,58,1496879,42
2991,Female,43,602826,48
2992,Female,25,1141985,87
2993,Male,42,435347,53
2994,Female,28,1084131,78
2995,Female,47,1435858,33
2996,Male,41,642045,41
2997,Male,57,766885,29
2998,Male,55,977146,20
2999,Male,37,439009,55
3000,Female,62,968805,17
