CustomerID,Gender,Age,Annual Income (BDT),Spending Score (1-100),KMeans_Cluster,Hierarchical_Cluster,DBSCAN_Cluster,GMM_Cluster
1,Female,47,1433469,40,2,1,0,2
2,Male,41,473216,42,1,0,0,1
3,Male,52,1353114,30,2,1,0,2
4,Male,28,1158145,95,0,2,0,0
5,Female,35,686393,80,4,4,0,4
6,Male,63,851035,14,3,3,0,3
7,Female,39,298506,48,1,0,0,1
8,Male,58,1431572,38,2,1,0,2
9,Female,27,1332071,86,0,2,0,0
10,Female,32,841762,68,4,4,0,4
11,Male,57,1410852,35,2,1,0,2
12,Female,23,1163857,71,0,2,0,0
13,Male,60,1008392,18,3,3,0,3
14,Female,33,459951,51,1,0,0,1
15,Female,25,619326,93,4,4,0,4
16,Female,65,921777,28,3,3,0,3
17,Male,58,768996,18,3,3,0,3
18,Male,20,1198385,83,0,2,0,0
19,Female,27,696946,64,4,4,0,4
20,Female,33,656700,73,4,4,0,4
21,Female,21,1162899,79,0,2,0,0
22,Male,25,1314044,90,0,2,0,0
23,Female,58,744092,23,3,3,0,3
24,Male,42,1397142,25,2,1,0,2
25,Female,37,393896,55,1,0,0,1
26,Female,30,732792,69,4,4,0,4
27,Male,30,525919,74,4,4,0,4
28,Male,40,498764,57,1,0,0,1
29,Male,28,1194146,100,0,2,0,0
30,Male,42,493699,52,1,0,0,1
31,Female,65,785153,23,3,3,0,3
32,Male,39,484469,36,1,0,0,1
33,Female,60,780843,19,3,3,0,3
34,Male,29,810350,61,4,4,0,4
35,Female,25,1281370,97,0,2,0,0
36,Male,60,893027,17,3,3,0,3
37,Female,54,1500000,36,2,1,0,2
38,Female,22,1208188,82,0,2,0,0
39,Female,29,1381020,91,0,2,0,0
40,Female,43,556725,58,1,0,0,1
41,Male,27,1093126,84,0,2,0,0
42,Male,22,1118860,75,0,2,0,0
43,Female,31,1146079,90,0,2,0,0
44,Male,61,891900,21,3,3,0,3
45,Female,36,449760,58,1,0,0,1
46,Male,44,570651,40,1,0,0,1
47,Female,29,852816,62,4,4,0,4
48,Female,21,1441574,82,0,2,0,0
49,Female,33,479087,73,4,4,0,4
50,Female,45,444853,51,1,0,0,1
51,Female,60,866749,33,3,3,0,3
52,Female,44,1480497,46,2,1,0,2
53,Female,28,1189236,91,0,2,0,0
54,Female,26,729658,60,4,4,0,4
55,Male,22,1097376,89,0,2,0,0
56,Male,34,714587,65,4,4,0,4
57,Female,33,524138,28,1,0,0,1
58,Female,61,920080,22,3,3,0,3
59,Male,30,682553,82,4,4,0,4
60,Female,53,899473,14,3,3,0,3
61,Female,56,1006428,29,3,3,0,3
62,Male,59,1084470,33,3,3,0,3
63,Male,64,861567,36,3,3,0,3
64,Male,31,1254065,100,0,2,0,0
65,Female,25,1331760,88,0,2,0,0
66,Male,46,548239,48,1,0,0,1
67,Female,51,651833,30,3,3,0,3
68,Male,47,468216,33,1,0,0,1
69,Male,43,734031,54,1,0,0,1
70,Male,26,1347268,81,0,2,0,0
71,Female,51,561865,53,1,0,0,1
72,Female,29,627596,75,4,4,0,4
73,Female,32,742596,77,4,4,0,4
74,Male,51,1500000,33,2,1,0,2
75,Female,25,1129677,84,0,2,0,0
76,Female,52,757716,15,3,3,0,3
77,Male,45,1323443,24,2,1,0,2
78,Male,34,711469,68,4,4,0,4
79,Male,53,1309273,45,2,1,0,2
80,Male,32,471196,59,1,4,0,1
81,Male,46,1500000,22,2,1,0,2
82,Female,50,1395654,36,2,1,0,2
83,Female,59,827443,23,3,3,0,3
84,Male,46,1418527,36,2,1,0,2
85,Female,46,1491992,36,2,1,0,2
86,Female,27,1290850,91,0,2,0,0
87,Female,30,893801,69,4,4,0,4
88,Male,50,569582,47,1,0,0,1
89,Female,34,813680,82,4,4,0,4
90,Male,28,836902,65,4,4,0,4
91,Female,27,1104909,87,0,2,0,0
92,Male,38,404418,42,1,0,0,1
93,Male,32,936664,64,4,4,0,4
94,Male,43,438932,39,1,0,0,1
95,Female,36,566668,50,1,0,0,1
96,Female,30,1146417,88,0,2,0,0
97,Male,27,680355,65,4,4,0,4
98,Female,49,1361261,24,2,1,0,2
99,Male,25,1271955,96,0,2,0,0
100,Female,45,437183,51,1,0,0,1
101,Male,49,1429152,44,2,1,0,2
102,Female,22,1167991,73,0,2,0,0
103,Female,50,872616,24,3,3,0,3
104,Male,37,688988,44,1,0,0,1
105,Female,43,573235,49,1,0,0,1
106,Female,63,941626,17,3,3,0,3
107,Male,39,1221384,27,2,1,0,2
108,Female,24,1398385,74,0,2,0,0
109,Female,26,1274068,90,0,2,0,0
110,Female,39,534376,44,1,0,0,1
111,Female,33,963379,73,4,4,0,4
112,Female,23,1262249,88,0,2,0,0
113,Male,34,614632,71,4,4,0,4
114,Male,50,1483549,29,2,1,0,2
115,Male,27,1230382,98,0,2,0,0
116,Female,51,1500000,50,2,1,0,2
117,Female,28,1293374,87,0,2,0,0
118,Female,29,1218619,85,0,2,0,0
119,Female,43,430977,54,1,0,0,1
120,Male,54,1094628,47,2,1,0,2
121,Female,31,763395,85,4,4,0,4
122,Male,34,549095,45,1,0,0,1
123,Male,58,857612,23,3,3,0,3
124,Male,45,490914,55,1,0,0,1
125,Female,40,610696,38,1,0,0,1
126,Female,56,1376247,26,2,1,0,2
127,Female,41,1448781,40,2,1,0,2
128,Male,58,733832,32,3,3,0,3
129,Male,55,938043,20,3,3,0,3
130,Female,49,897285,12,3,3,0,3
131,Male,40,1500000,32,2,1,0,2
132,Female,47,525294,43,1,0,0,1
133,Female,47,1323562,35,2,1,0,2
134,Female,49,638877,56,1,0,0,1
135,Male,58,761748,18,3,3,0,3
136,Female,30,1077339,76,0,2,0,0
137,Male,22,1205882,77,0,2,0,0
138,Female,45,484296,52,1,0,0,1
139,Female,60,967605,24,3,3,0,3
140,Male,51,1280077,32,2,1,0,2
141,Male,34,794131,69,4,4,0,4
142,Female,41,482397,44,1,0,0,1
143,Female,53,1395305,29,2,1,0,2
144,Male,29,873498,79,4,4,0,4
145,Male,53,1188384,39,2,1,0,2
146,Female,26,1141631,88,0,2,0,0
147,Female,48,1482570,26,2,1,0,2
148,Male,47,1500000,37,2,1,0,2
149,Male,52,1238332,42,2,1,0,2
150,Female,29,1219207,91,0,2,0,0
151,Male,53,1298903,32,2,1,0,2
152,Male,33,730208,81,4,4,0,4
153,Female,58,1044303,26,3,3,0,3
154,Female,46,1331770,30,2,1,0,2
155,Female,26,1203261,81,0,2,0,0
156,Female,49,1500000,22,2,1,0,2
157,Male,26,1265896,92,0,2,0,0
158,Male,35,780053,75,4,4,0,4
159,Female,43,503314,34,1,0,0,1
160,Female,31,672791,62,4,4,0,4
161,Female,42,461747,61,1,0,0,1
162,Male,50,1282856,32,2,1,0,2
163,Male,24,1247165,82,0,2,0,0
164,Male,24,1322417,97,0,2,0,0
165,Female,49,562964,42,1,0,0,1
166,Female,35,632794,40,1,0,0,1
167,Female,30,1408889,81,0,2,0,0
168,Female,36,792436,74,4,4,0,4
169,Male,55,1489812,34,2,1,0,2
170,Male,25,1397187,87,0,2,0,0
171,Male,36,751010,78,4,4,0,4
172,Female,25,845383,86,4,2,0,4
173,Female,39,404825,43,1,0,0,1
174,Female,60,1010862,18,3,3,0,3
175,Male,32,680192,69,4,4,0,4
176,Female,37,208187,48,1,0,0,1
177,Female,49,1456444,37,2,1,0,2
178,Female,33,505871,53,1,0,0,1
179,Female,25,1310417,73,0,2,0,0
180,Female,46,463479,51,1,0,0,1
181,Male,27,1014133,77,0,2,0,0
182,Male,36,739990,84,4,4,0,4
183,Male,47,1485566,41,2,1,0,2
184,Male,26,681934,81,4,4,0,4
185,Female,27,1236267,85,0,2,0,0
186,Male,26,1215052,81,0,2,0,0
187,Male,27,1263346,97,0,2,0,0
188,Female,52,1373608,22,2,1,0,2
189,Male,44,813131,45,1,0,0,1
190,Female,47,731671,43,1,0,0,1
191,Male,62,1163599,25,3,3,0,3
192,Male,57,877724,29,3,3,0,3
193,Female,58,1397893,34,2,1,0,2
194,Male,35,1454994,90,0,2,0,0
195,Female,60,834318,25,3,3,0,3
196,Female,27,889893,61,4,4,0,4
197,Female,25,1202011,76,0,2,0,0
198,Female,33,863926,71,4,4,0,4
199,Female,63,751841,25,3,3,0,3
200,Female,30,1150170,90,0,2,0,0
201,Female,40,483408,46,1,0,0,1
202,Female,41,1396950,40,2,1,0,2
203,Female,30,1172538,88,0,2,0,0
204,Male,33,813881,67,4,4,0,4
205,Female,57,1500000,40,2,1,0,2
206,Female,41,623889,45,1,0,0,1
207,Female,49,1314893,36,2,1,0,2
208,Female,43,1404172,28,2,1,0,2
209,Male,21,1240798,84,0,2,0,0
210,Male,57,1380866,40,2,1,0,2
211,Female,42,1281829,32,2,1,0,2
212,Male,40,437714,58,1,0,0,1
213,Male,41,397988,56,1,0,0,1
214,Male,48,1236564,36,2,1,0,2
215,Male,56,909084,20,3,3,0,3
216,Female,25,1293735,83,0,2,0,0
217,Female,25,1210517,86,0,2,0,0
218,Male,26,1415663,83,0,2,0,0
219,Male,44,1287208,36,2,1,0,2
220,Female,49,1500000,36,2,1,0,2
221,Female,41,584020,59,1,0,0,1
222,Male,43,531481,50,1,0,0,1
223,Male,58,800853,27,3,3,0,3
224,Female,37,725716,75,4,4,0,4
225,Male,41,423587,56,1,0,0,1
226,Female,23,1332368,94,0,2,0,0
227,Female,21,1292889,82,0,2,0,0
228,Female,53,1500000,22,2,1,0,2
229,Female,58,931121,19,3,3,0,3
230,Male,23,1265873,76,0,2,0,0
231,Female,31,641453,65,4,4,0,4
232,Female,47,1265132,21,2,1,0,2
233,Male,33,847042,92,4,4,0,4
234,Male,22,1349863,90,0,2,0,0
235,Male,57,968150,22,3,3,0,3
236,Female,57,775040,20,3,3,0,3
237,Male,21,1227137,85,0,2,0,0
238,Male,46,502480,42,1,0,0,1
239,Male,32,688394,64,4,4,0,4
240,Male,57,961129,23,3,3,0,3
241,Female,34,746783,87,4,4,0,4
242,Male,50,830078,26,3,3,0,3
243,Male,43,1324167,27,2,1,0,2
244,Male,44,1424960,35,2,1,0,2
245,Male,30,1072508,82,0,2,0,0
246,Female,26,1208517,90,0,2,0,0
247,Male,50,530233,53,1,0,0,1
248,Male,24,1318066,82,0,2,0,0
249,Female,58,858958,23,3,3,0,3
250,Female,27,638468,78,4,4,0,4
251,Female,54,841859,14,3,3,0,3
252,Female,27,498944,45,1,0,0,1
253,Male,28,1038728,83,0,2,0,0
254,Male,59,1038569,13,3,3,0,3
255,Female,27,755716,70,4,4,0,4
256,Female,36,766597,56,4,4,0,4
257,Female,49,1480184,38,2,1,0,2
258,Female,24,779679,74,4,4,0,4
259,Female,51,1405718,50,2,1,0,2
260,Female,41,1426288,34,2,1,0,2
261,Female,39,559656,46,1,0,0,1
262,Male,39,541893,50,1,0,0,1
263,Female,29,1196612,90,0,2,0,0
264,Male,62,964136,14,3,3,0,3
265,Male,24,1218767,89,0,2,0,0
266,Male,50,1480797,26,2,1,0,2
267,Male,39,658221,58,1,0,0,1
268,Male,30,771105,81,4,4,0,4
269,Female,32,852922,75,4,4,0,4
270,Female,30,1332027,79,0,2,0,0
271,Male,53,1500000,44,2,1,0,2
272,Male,60,826731,24,3,3,0,3
273,Female,47,1321754,32,2,1,0,2
274,Female,21,1235741,81,0,2,0,0
275,Male,56,695928,24,3,3,0,3
276,Male,54,694573,9,3,3,0,3
277,Female,36,774657,73,4,4,0,4
278,Female,59,985579,31,3,3,0,3
279,Male,59,895787,30,3,3,0,3
280,Female,29,1495860,87,0,2,0,0
281,Male,44,602165,51,1,0,0,1
282,Male,59,1035430,28,3,3,0,3
283,Female,18,1209705,80,0,2,0,0
284,Male,54,819069,18,3,3,0,3
285,Female,61,959539,30,3,3,0,3
286,Female,44,1487613,39,2,1,0,2
287,Female,24,1018612,83,0,2,0,0
288,Female,34,640313,88,4,4,0,4
289,Female,27,1489527,84,0,2,0,0
290,Female,26,1251891,83,0,2,0,0
291,Female,34,622524,71,4,4,0,4
292,Male,31,681389,66,4,4,0,4
293,Male,34,414455,29,1,0,0,1
294,Female,45,432151,25,1,0,0,1
295,Male,46,1396708,45,2,1,0,2
296,Female,31,903448,82,4,4,0,4
297,Female,55,863343,23,3,3,0,3
298,Female,28,688011,74,4,4,0,4
299,Male,29,834496,70,4,4,0,4
300,Female,26,1233702,83,0,2,0,0
301,Male,28,1319054,93,0,2,0,0
302,Male,40,525041,42,1,0,0,1
303,Male,30,1215415,83,0,2,0,0
304,Female,32,530994,49,1,0,0,1
305,Male,35,782564,91,4,4,0,4
306,Male,62,906504,18,3,3,0,3
307,Female,41,409272,36,1,0,0,1
308,Male,43,503751,63,1,0,0,1
309,Female,47,387705,45,1,0,0,1
310,Male,21,1342552,80,0,2,0,0
311,Female,25,1056355,84,0,2,0,0
312,Female,40,485912,47,1,0,0,1
313,Female,54,781190,26,3,3,0,3
314,Female,54,1264621,32,2,1,0,2
315,Male,44,583236,49,1,0,0,1
316,Female,51,1500000,27,2,1,0,2
317,Female,30,1270724,92,0,2,0,0
318,Female,33,596686,67,4,4,0,4
319,Female,47,1458010,25,2,1,0,2
320,Male,43,577708,54,1,0,0,1
321,Female,40,491379,47,1,0,0,1
322,Female,57,945298,27,3,3,0,3
323,Female,45,1384970,31,2,1,0,2
324,Female,41,1491366,24,2,1,0,2
325,Female,35,535754,41,1,0,0,1
326,Female,44,594017,43,1,0,0,1
327,Female,28,1205586,87,0,2,0,0
328,Male,45,1396967,19,2,1,0,2
329,Male,24,779047,60,4,4,0,4
330,Male,49,1438338,29,2,1,0,2
331,Male,59,956082,15,3,3,0,3
332,Female,55,971109,18,3,3,0,3
333,Female,43,1180527,34,2,1,0,2
334,Female,54,975166,11,3,3,0,3
335,Male,59,864232,21,3,3,0,3
336,Female,31,879452,86,4,4,0,4
337,Female,53,1435150,42,2,1,0,2
338,Male,45,508045,57,1,0,0,1
339,Male,50,1389654,34,2,1,0,2
340,Female,48,378429,55,1,0,0,1
341,Male,29,708443,98,4,4,-1,4
342,Female,23,1210961,81,0,2,0,0
343,Male,61,1078524,27,3,3,0,3
344,Female,35,712907,72,4,4,0,4
345,Male,24,1453054,90,0,2,0,0
346,Female,42,448960,39,1,0,0,1
347,Female,34,829386,64,4,4,0,4
348,Male,29,1058519,86,0,2,0,0
349,Female,37,436681,48,1,0,0,1
350,Female,22,1226240,73,0,2,0,0
351,Male,55,851595,24,3,3,0,3
352,Male,39,665342,74,4,4,0,4
353,Female,26,980236,90,0,2,0,0
354,Male,49,1476112,29,2,1,0,2
355,Female,32,701105,74,4,4,0,4
356,Female,27,1164882,75,0,2,0,0
357,Female,28,694885,79,4,4,0,4
358,Female,52,784605,27,3,3,0,3
359,Female,32,739216,66,4,4,0,4
360,Female,37,625237,51,1,0,0,1
361,Female,34,897105,75,4,4,0,4
362,Female,51,1493760,37,2,1,0,2
363,Male,58,1411533,45,2,1,0,2
364,Male,55,817669,27,3,3,0,3
365,Male,59,753330,21,3,3,0,3
366,Female,64,762771,29,3,3,0,3
367,Female,54,1440017,41,2,1,0,2
368,Male,37,510871,47,1,0,0,1
369,Male,44,1474899,25,2,1,0,2
370,Female,56,1349999,37,2,1,0,2
371,Male,25,1245826,79,0,2,0,0
372,Female,30,1351481,85,0,2,0,0
373,Male,39,369686,60,1,0,0,1
374,Female,37,486015,42,1,0,0,1
375,Male,26,1370785,93,0,2,0,0
376,Female,43,376857,66,1,0,0,1
377,Male,43,320470,43,1,0,0,1
378,Male,47,440627,51,1,0,0,1
379,Female,22,1205468,95,0,2,0,0
380,Male,41,412783,59,1,0,0,1
381,Male,59,1225118,36,2,1,0,2
382,Male,44,1241476,44,2,1,0,2
383,Female,59,880268,18,3,3,0,3
384,Male,58,1003280,26,3,3,0,3
385,Female,24,1462650,97,0,2,0,0
386,Female,27,695255,59,4,4,0,4
387,Male,41,441233,39,1,0,0,1
388,Female,59,883660,22,3,3,0,3
389,Male,63,775185,24,3,3,0,3
390,Female,46,532922,34,1,0,0,1
391,Male,45,1418887,32,2,1,0,2
392,Female,46,536464,34,1,0,0,1
393,Female,48,513530,31,1,0,0,1
394,Female,31,579216,57,4,4,0,4
395,Female,41,1338307,26,2,1,0,2
396,Male,33,521217,50,1,0,0,1
397,Male,27,1246103,79,0,2,0,0
398,Male,26,1402326,86,0,2,0,0
399,Male,59,954958,27,3,3,0,3
400,Male,34,621773,76,4,4,0,4
401,Female,57,905873,16,3,3,0,3
402,Female,28,569586,64,4,4,0,4
403,Male,46,593877,45,1,0,0,1
404,Female,39,860996,80,4,4,0,4
405,Male,36,893508,63,4,4,0,4
406,Male,50,493957,46,1,0,0,1
407,Male,29,1273567,88,0,2,0,0
408,Female,30,755679,53,4,4,0,4
409,Male,60,806308,34,3,3,0,3
410,Female,55,1437906,19,2,1,0,2
411,Female,34,476632,68,4,4,0,4
412,Female,29,1419763,72,0,2,0,0
413,Male,43,561910,32,1,0,0,1
414,Male,24,1132647,79,0,2,0,0
415,Female,24,1073353,98,0,2,0,0
416,Female,43,573606,46,1,0,0,1
417,Male,41,621884,51,1,0,0,1
418,Female,24,1183417,91,0,2,0,0
419,Male,45,494184,26,1,0,0,1
420,Male,27,1401199,80,0,2,0,0
421,Male,24,1215392,98,0,2,0,0
422,Female,47,1376247,26,2,1,0,2
423,Female,45,418886,68,1,0,0,1
424,Female,64,928306,8,3,3,0,3
425,Male,57,803857,31,3,3,0,3
426,Female,63,852483,24,3,3,0,3
427,Female,61,842306,25,3,3,0,3
428,Female,25,1342522,75,0,2,0,0
429,Male,19,1157804,79,0,2,0,0
430,Male,22,1232729,90,0,2,0,0
431,Female,24,787366,60,4,4,0,4
432,Male,31,1343441,84,0,2,0,0
433,Female,27,707868,75,4,4,0,4
434,Female,33,387997,48,1,0,0,1
435,Male,45,313756,41,1,0,0,1
436,Male,39,413705,51,1,0,0,1
437,Male,39,511146,54,1,0,0,1
438,Male,40,1242690,40,2,1,0,2
439,Male,58,1398893,23,2,1,0,2
440,Female,55,954348,15,3,3,0,3
441,Male,29,1295060,82,0,2,0,0
442,Male,33,319174,54,1,0,0,1
443,Male,43,1419112,30,2,1,0,2
444,Female,46,494518,37,1,0,0,1
445,Male,54,1314557,27,2,1,0,2
446,Female,26,1154843,84,0,2,0,0
447,Female,51,1404691,20,2,1,0,2
448,Female,33,681761,64,4,4,0,4
449,Male,25,1337438,100,0,2,0,0
450,Female,31,819306,70,4,4,0,4
451,Female,36,801241,75,4,4,0,4
452,Female,62,978988,20,3,3,0,3
453,Male,32,853763,56,4,4,0,4
454,Female,39,721693,57,1,0,0,4
455,Male,36,564573,52,1,0,0,1
456,Female,27,1292004,83,0,2,0,0
457,Male,58,1012892,23,3,3,0,3
458,Female,23,1188390,82,0,2,0,0
459,Female,32,1333102,88,0,2,0,0
460,Female,23,1272744,80,0,2,0,0
461,Male,43,624739,49,1,0,0,1
462,Female,30,1319408,95,0,2,0,0
463,Female,24,1028091,78,0,2,0,0
464,Male,26,1179563,87,0,2,0,0
465,Female,35,413436,42,1,0,0,1
466,Male,32,433787,50,1,0,0,1
467,Female,68,774681,33,3,3,0,3
468,Male,60,957657,23,3,3,0,3
469,Male,31,1196772,97,0,2,0,0
470,Male,34,948266,75,4,4,0,4
471,Male,52,820575,31,3,3,0,3
472,Male,45,1490988,36,2,1,0,2
473,Male,45,1326598,28,2,1,0,2
474,Female,24,1268002,84,0,2,0,0
475,Male,31,842021,83,4,4,0,4
476,Male,20,691330,73,4,4,0,4
477,Female,29,641581,70,4,4,0,4
478,Female,34,699082,69,4,4,0,4
479,Female,42,783733,58,1,0,0,4
480,Male,57,871367,16,3,3,0,3
481,Female,29,750060,69,4,4,0,4
482,Female,26,1047924,85,0,2,0,0
483,Female,46,496364,58,1,0,0,1
484,Male,59,1337690,48,2,1,0,2
485,Female,51,1322754,28,2,1,0,2
486,Male,32,774222,60,4,4,0,4
487,Female,45,1500000,37,2,1,0,2
488,Female,34,687779,71,4,4,0,4
489,Female,22,1295487,84,0,2,0,0
490,Female,31,730003,69,4,4,0,4
491,Male,63,742822,22,3,3,0,3
492,Female,48,1357297,23,2,1,0,2
493,Female,30,837291,67,4,4,0,4
494,Male,33,769640,58,4,4,0,4
495,Female,48,1466878,24,2,1,0,2
496,Female,52,717529,22,3,3,0,3
497,Female,25,1195955,85,0,2,0,0
498,Male,46,1374755,26,2,1,0,2
499,Female,22,1173124,85,0,2,0,0
500,Male,32,559742,74,4,4,0,4
501,Male,42,435113,55,1,0,0,1
502,Male,54,1048944,23,3,3,0,3
503,Female,52,788060,19,3,3,0,3
504,Male,30,839666,66,4,4,0,4
505,Male,21,1347698,94,0,2,0,0
506,Female,51,1411926,24,2,1,0,2
507,Female,36,878202,77,4,4,0,4
508,Female,57,833673,23,3,3,0,3
509,Female,28,649976,61,4,4,0,4
510,Male,56,809888,24,3,3,0,3
511,Female,32,779803,63,4,4,0,4
512,Male,26,1331090,74,0,2,0,0
513,Female,24,1500000,79,0,2,0,0
514,Male,53,1425359,38,2,1,0,2
515,Male,57,1005075,14,3,3,0,3
516,Male,28,669149,64,4,4,0,4
517,Female,52,718430,13,3,3,0,3
518,Female,27,1119923,91,0,2,0,0
519,Male,41,600782,43,1,0,0,1
520,Female,37,519546,41,1,0,0,1
521,Female,29,1086188,82,0,2,0,0
522,Female,52,1034697,28,3,3,0,3
523,Female,40,419193,59,1,0,0,1
524,Male,52,785940,20,3,3,0,3
525,Female,49,860495,12,3,3,0,3
526,Male,41,446878,42,1,0,0,1
527,Female,40,863844,80,4,4,0,4
528,Male,55,1381956,39,2,1,0,2
529,Female,52,1382130,37,2,1,0,2
530,Male,34,724178,70,4,4,0,4
531,Female,47,1194038,44,2,1,0,2
532,Male,60,1014879,27,3,3,0,3
533,Male,42,486133,45,1,0,0,1
534,Male,26,687225,77,4,4,0,4
535,Male,24,1156148,81,0,2,0,0
536,Male,54,1382718,45,2,1,0,2
537,Male,44,734382,53,1,0,0,1
538,Male,37,877118,69,4,4,0,4
539,Female,38,441038,46,1,0,0,1
540,Male,42,560777,40,1,0,0,1
541,Female,51,1500000,40,2,1,0,2
542,Female,34,489695,54,1,0,0,1
543,Female,26,1416616,88,0,2,0,0
544,Male,40,1376673,34,2,1,0,2
545,Male,51,966506,39,3,3,0,3
546,Male,40,794276,56,1,0,0,4
547,Male,29,1262465,83,0,2,0,0
548,Female,60,1486040,37,2,1,0,2
549,Female,22,814550,86,4,4,0,4
550,Male,65,1043523,27,3,3,0,3
551,Female,42,1489292,17,2,1,0,2
552,Female,41,1447833,22,2,1,0,2
553,Male,24,1287210,86,0,2,0,0
554,Female,44,624169,29,1,0,0,1
555,Male,28,1199675,92,0,2,0,0
556,Male,26,796260,82,4,4,0,4
557,Female,53,949648,22,3,3,0,3
558,Female,23,1138181,77,0,2,0,0
559,Male,23,1368892,85,0,2,0,0
560,Female,23,1349706,81,0,2,0,0
561,Female,37,787651,64,4,4,0,4
562,Female,55,1430085,30,2,1,0,2
563,Male,37,1484478,29,2,1,0,2
564,Female,53,892747,21,3,3,0,3
565,Female,24,1298324,97,0,2,0,0
566,Female,55,1500000,32,2,1,0,2
567,Female,46,471267,39,1,0,0,1
568,Female,57,943198,19,3,3,0,3
569,Male,40,577991,43,1,0,0,1
570,Male,35,693604,88,4,4,0,4
571,Male,54,816858,24,3,3,0,3
572,Male,27,1077001,79,0,2,0,0
573,Female,26,691461,62,4,4,0,4
574,Female,48,602850,48,1,0,0,1
575,Female,48,1321305,40,2,1,0,2
576,Male,24,1219020,99,0,2,0,0
577,Female,61,819700,18,3,3,0,3
578,Male,62,800279,25,3,3,0,3
579,Male,56,1011629,33,3,3,0,3
580,Female,21,1202121,77,0,2,0,0
581,Female,21,1320656,83,0,2,0,0
582,Female,26,1117884,89,0,2,0,0
583,Male,25,461610,69,4,4,0,4
584,Female,35,626597,70,4,4,0,4
585,Male,26,1248645,90,0,2,0,0
586,Female,50,519033,55,1,0,0,1
587,Female,33,586694,84,4,4,0,4
588,Male,41,547260,50,1,0,0,1
589,Female,56,890056,30,3,3,0,3
590,Male,56,1492497,31,2,1,0,2
591,Male,32,780520,64,4,4,0,4
592,Male,29,658303,66,4,4,0,4
593,Male,33,871062,79,4,4,0,4
594,Female,46,607833,57,1,0,0,1
595,Female,40,598536,52,1,0,0,1
596,Female,24,1038833,88,0,2,0,0
597,Male,56,1456613,45,2,1,0,2
598,Male,27,1392940,82,0,2,0,0
599,Female,46,546051,62,1,0,0,1
600,Male,49,425192,48,1,0,0,1
601,Female,57,853625,32,3,3,0,3
602,Male,59,688950,27,3,3,0,3
603,Male,25,1411301,100,0,2,0,0
604,Male,41,432629,39,1,0,0,1
605,Male,59,1034537,19,3,3,0,3
606,Male,37,442144,52,1,0,0,1
607,Female,54,862379,15,3,3,0,3
608,Male,32,560487,45,1,0,0,1
609,Female,40,694649,63,4,0,0,4
610,Female,55,1500000,28,2,1,0,2
611,Male,27,790940,66,4,4,0,4
612,Female,25,1181819,93,0,2,0,0
613,Female,23,812171,72,4,4,0,4
614,Female,57,819439,17,3,3,0,3
615,Female,39,457996,63,1,0,0,1
616,Female,28,557215,65,4,4,0,4
617,Female,45,602460,70,1,0,0,1
618,Female,40,589586,40,1,0,0,1
619,Male,29,1392747,87,0,2,0,0
620,Female,27,1262666,82,0,2,0,0
621,Female,30,796125,75,4,4,0,4
622,Male,26,1218699,89,0,2,0,0
623,Female,41,490048,57,1,0,0,1
624,Female,36,327403,32,1,0,0,1
625,Female,32,705753,75,4,4,0,4
626,Female,40,1268655,34,2,1,0,2
627,Female,54,981478,13,3,3,0,3
628,Male,53,309698,41,1,0,0,1
629,Male,44,409342,45,1,0,0,1
630,Female,23,1417542,78,0,2,0,0
631,Female,24,1249766,78,0,2,0,0
632,Female,32,651235,62,4,4,0,4
633,Male,25,791952,81,4,4,0,4
634,Female,50,1500000,39,2,1,0,2
635,Female,37,709690,84,4,4,0,4
636,Male,26,1249250,87,0,2,0,0
637,Female,26,918852,55,4,4,0,4
638,Male,25,1202850,87,0,2,0,0
639,Male,31,734059,71,4,4,0,4
640,Male,56,877675,22,3,3,0,3
641,Male,50,1359525,42,2,1,0,2
642,Male,44,303375,48,1,0,0,1
643,Male,38,554245,50,1,0,0,1
644,Female,32,629629,72,4,4,0,4
645,Male,53,1021533,34,3,3,0,3
646,Female,57,853367,21,3,3,0,3
647,Female,33,789987,74,4,4,0,4
648,Female,25,1275158,97,0,2,0,0
649,Female,56,828659,29,3,3,0,3
650,Female,46,527925,47,1,0,0,1
651,Female,38,390392,33,1,0,0,1
652,Male,27,1290448,91,0,2,0,0
653,Female,27,717093,85,4,4,0,4
654,Female,29,654311,59,4,4,0,4
655,Male,28,853897,62,4,4,0,4
656,Female,48,1500000,41,2,1,0,2
657,Male,56,867998,15,3,3,0,3
658,Female,28,821919,81,4,4,0,4
659,Female,58,849466,19,3,3,0,3
660,Female,30,704022,72,4,4,0,4
661,Female,55,765652,20,3,3,0,3
662,Female,34,827032,62,4,4,0,4
663,Female,43,1489122,34,2,1,0,2
664,Female,25,1198022,87,0,2,0,0
665,Male,23,1333449,69,0,2,0,0
666,Male,44,1207240,38,2,1,0,2
667,Male,31,782734,77,4,4,0,4
668,Female,23,1258083,89,0,2,0,0
669,Female,52,1333374,32,2,1,0,2
670,Male,45,1500000,26,2,1,0,2
671,Male,46,1374611,24,2,1,0,2
672,Female,44,519073,43,1,0,0,1
673,Female,53,865716,21,3,3,0,3
674,Female,31,682017,88,4,4,0,4
675,Female,58,915605,10,3,3,0,3
676,Female,39,887798,76,4,4,0,4
677,Male,45,497201,50,1,0,0,1
678,Male,59,978983,17,3,3,0,3
679,Female,46,1471260,36,2,1,0,2
680,Female,42,569402,43,1,0,0,1
681,Male,57,1336252,25,2,1,0,2
682,Male,46,1195711,28,2,1,0,2
683,Male,27,554986,66,4,4,0,4
684,Female,39,538675,41,1,0,0,1
685,Female,26,1215421,85,0,2,0,0
686,Female,51,1386579,51,2,1,0,2
687,Male,33,488620,44,1,0,0,1
688,Male,46,454815,52,1,0,0,1
689,Female,36,627188,48,1,0,0,1
690,Female,34,588624,54,1,0,0,1
691,Male,39,743092,65,4,4,0,4
692,Male,30,727882,66,4,4,0,4
693,Male,43,659556,44,1,0,0,1
694,Male,38,672190,39,1,0,0,1
695,Male,38,702639,78,4,4,0,4
696,Female,30,759060,61,4,4,0,4
697,Female,52,1449623,32,2,1,0,2
698,Female,33,679729,70,4,4,0,4
699,Female,47,536955,47,1,0,0,1
700,Male,29,599252,57,4,4,0,4
701,Female,25,1380821,82,0,2,0,0
702,Female,26,487849,56,4,0,0,4
703,Female,26,1095272,98,0,2,0,0
704,Female,53,1415003,47,2,1,0,2
705,Female,25,1388034,89,0,2,0,0
706,Male,50,1455207,30,2,1,0,2
707,Male,23,1192994,75,0,2,0,0
708,Female,27,1283446,74,0,2,0,0
709,Male,31,1158747,87,0,2,0,0
710,Female,30,762114,66,4,4,0,4
711,Male,61,1470514,36,2,1,0,2
712,Female,48,591414,53,1,0,0,1
713,Male,52,686338,8,3,3,0,3
714,Female,50,320812,53,1,0,0,1
715,Male,30,500613,61,4,4,0,4
716,Male,39,556243,45,1,0,0,1
717,Male,43,1487392,30,2,1,0,2
718,Female,55,875429,23,3,3,0,3
719,Male,52,983895,19,3,3,0,3
720,Female,43,646396,31,1,0,0,1
721,Female,49,518235,35,1,0,0,1
722,Male,44,651677,51,1,0,0,1
723,Female,29,735337,78,4,4,0,4
724,Male,25,871147,86,4,2,0,4
725,Male,40,549697,42,1,0,0,1
726,Male,48,473893,37,1,0,0,1
727,Female,27,1256028,84,0,2,0,0
728,Female,45,1480092,42,2,1,0,2
729,Female,47,1469410,25,2,1,0,2
730,Female,55,857274,25,3,3,0,3
731,Female,35,633839,78,4,4,0,4
732,Male,47,1500000,32,2,1,0,2
733,Male,23,1322420,85,0,2,0,0
734,Female,26,757234,79,4,4,0,4
735,Female,57,1037700,18,3,3,0,3
736,Male,31,679523,93,4,4,0,4
737,Male,21,1121773,76,0,2,0,0
738,Female,26,1242365,84,0,2,0,0
739,Male,61,855407,28,3,3,0,3
740,Female,34,761616,87,4,4,0,4
741,Female,59,798132,13,3,3,0,3
742,Male,44,596166,48,1,0,0,1
743,Female,24,1043585,76,0,2,0,0
744,Male,46,553877,45,1,0,0,1
745,Female,36,794948,81,4,4,0,4
746,Male,28,1336464,86,0,2,0,0
747,Female,37,473694,44,1,0,0,1
748,Female,30,955409,60,4,4,0,4
749,Male,47,582998,39,1,0,0,1
750,Female,34,1317239,100,0,2,0,0
751,Female,28,695281,60,4,4,0,4
752,Female,24,1045979,83,0,2,0,0
753,Female,60,997794,33,3,3,0,3
754,Female,40,746352,50,1,0,0,1
755,Male,55,752422,16,3,3,0,3
756,Female,33,758895,99,4,4,0,4
757,Male,62,998296,30,3,3,0,3
758,Male,26,1157149,87,0,2,0,0
759,Male,52,1500000,42,2,1,0,2
760,Female,61,835555,23,3,3,0,3
761,Male,38,453052,43,1,0,0,1
762,Female,32,513281,75,4,4,0,4
763,Female,24,1101466,90,0,2,0,0
764,Female,46,1112390,37,2,1,0,2
765,Female,36,980692,69,4,4,0,4
766,Female,57,749646,34,3,3,0,3
767,Male,36,805184,61,4,4,0,4
768,Female,28,909176,68,4,4,0,4
769,Male,34,857735,72,4,4,0,4
770,Male,51,1262394,36,2,1,0,2
771,Male,43,1500000,40,2,1,0,2
772,Female,56,1087920,22,3,3,0,3
773,Female,48,1333217,26,2,1,0,2
774,Male,43,536388,38,1,0,0,1
775,Female,24,1472101,88,0,2,0,0
776,Male,56,897658,8,3,3,0,3
777,Female,52,709209,30,3,3,0,3
778,Male,25,661452,70,4,4,0,4
779,Male,59,883984,22,3,3,0,3
780,Female,22,1093118,82,0,2,0,0
781,Female,26,1216932,75,0,2,0,0
782,Female,44,558470,49,1,0,0,1
783,Male,47,1500000,33,2,1,0,2
784,Female,54,958057,9,3,3,0,3
785,Male,40,532702,40,1,0,0,1
786,Male,54,1000439,27,3,3,0,3
787,Male,34,832625,84,4,4,0,4
788,Male,30,612496,77,4,4,0,4
789,Female,41,1353100,35,2,1,0,2
790,Male,27,375780,33,1,0,-1,1
791,Male,56,1338842,36,2,1,0,2
792,Female,54,922740,17,3,3,0,3
793,Male,28,1347164,91,0,2,0,0
794,Male,57,896817,14,3,3,0,3
795,Female,37,502478,50,1,0,0,1
796,Male,38,502455,43,1,0,0,1
797,Female,32,692345,64,4,4,0,4
798,Female,42,561761,47,1,0,0,1
799,Female,37,799371,64,4,4,0,4
800,Female,32,676465,73,4,4,0,4
801,Male,25,1041371,87,0,2,0,0
802,Male,53,1377047,33,2,1,0,2
803,Female,47,497622,47,1,0,0,1
804,Female,21,1381573,77,0,2,0,0
805,Male,34,482250,47,1,0,0,1
806,Male,52,1500000,23,2,1,0,2
807,Female,48,1216710,40,2,1,0,2
808,Female,25,1388576,80,0,2,0,0
809,Male,59,818379,20,3,3,0,3
810,Female,26,1380179,82,0,2,0,0
811,Male,54,825663,35,3,3,0,3
812,Male,51,1500000,26,2,1,0,2
813,Male,44,1414867,33,2,1,0,2
814,Female,42,512677,28,1,0,0,1
815,Male,58,913121,19,3,3,0,3
816,Male,32,769405,77,4,4,0,4
817,Female,55,1500000,38,2,1,0,2
818,Male,24,1192214,89,0,2,0,0
819,Male,31,753971,65,4,4,0,4
820,Male,66,833281,27,3,3,0,3
821,Male,50,1397590,34,2,1,0,2
822,Female,31,1500000,89,0,2,0,0
823,Female,24,659764,76,4,4,0,4
824,Female,29,1211556,83,0,2,0,0
825,Female,31,798751,59,4,4,0,4
826,Female,45,596505,38,1,0,0,1
827,Female,38,1500000,35,2,1,0,2
828,Female,43,537035,49,1,0,0,1
829,Female,42,391592,59,1,0,0,1
830,Male,61,859162,18,3,3,0,3
831,Female,29,757844,61,4,4,0,4
832,Female,54,1007209,19,3,3,0,3
833,Female,56,969100,28,3,3,0,3
834,Male,54,969435,33,3,3,0,3
835,Female,61,901689,35,3,3,0,3
836,Male,26,1429620,100,0,2,0,0
837,Female,24,1311423,96,0,2,0,0
838,Male,45,1445469,37,2,1,0,2
839,Male,29,981124,66,4,4,0,4
840,Female,28,844470,85,4,2,0,4
841,Male,37,793544,60,4,4,0,4
842,Female,31,745559,71,4,4,0,4
843,Female,34,706773,57,4,4,0,4
844,Male,57,1488863,45,2,1,0,2
845,Female,55,791291,31,3,3,0,3
846,Male,53,748491,11,3,3,0,3
847,Female,30,868777,54,4,4,0,4
848,Male,42,408261,49,1,0,0,1
849,Female,40,1500000,41,2,1,0,2
850,Female,59,839202,31,3,3,0,3
851,Female,29,360714,46,1,0,0,1
852,Male,41,600377,58,1,0,0,1
853,Male,45,1483807,39,2,1,0,2
854,Female,53,1334752,25,2,1,0,2
855,Male,44,560016,52,1,0,0,1
856,Male,25,1345790,82,0,2,0,0
857,Female,42,577660,40,1,0,0,1
858,Female,41,510923,45,1,0,0,1
859,Male,55,1337516,45,2,1,0,2
860,Male,25,736105,78,4,4,0,4
861,Male,34,812964,69,4,4,0,4
862,Male,27,1045078,70,0,4,0,0
863,Male,64,927461,18,3,3,0,3
864,Male,61,794660,21,3,3,0,3
865,Female,26,1204971,82,0,2,0,0
866,Female,28,672045,69,4,4,0,4
867,Male,53,915210,26,3,3,0,3
868,Male,46,1226786,44,2,1,0,2
869,Male,30,576298,67,4,4,0,4
870,Male,31,673908,80,4,4,0,4
871,Female,28,1407890,85,0,2,0,0
872,Female,26,1152561,84,0,2,0,0
873,Female,27,1101436,97,0,2,0,0
874,Female,28,691040,67,4,4,0,4
875,Male,52,948959,16,3,3,0,3
876,Female,25,1261739,86,0,2,0,0
877,Male,36,399714,46,1,0,0,1
878,Male,59,1155832,43,2,1,-1,2
879,Male,37,467000,41,1,0,0,1
880,Female,61,708222,29,3,3,0,3
881,Female,35,890782,83,4,4,0,4
882,Female,36,407083,49,1,0,0,1
883,Male,37,559303,45,1,0,0,1
884,Female,44,393441,50,1,0,0,1
885,Male,58,963271,20,3,3,0,3
886,Female,35,565745,86,4,4,0,4
887,Female,44,545538,49,1,0,0,1
888,Female,32,821197,70,4,4,0,4
889,Male,20,1128425,75,0,2,0,0
890,Male,50,1438121,33,2,1,0,2
891,Male,61,914863,25,3,3,0,3
892,Male,34,739628,77,4,4,0,4
893,Male,55,955515,15,3,3,0,3
894,Male,19,1213252,95,0,2,0,0
895,Male,48,552660,53,1,0,0,1
896,Male,27,848696,86,4,2,0,4
897,Male,56,980142,3,3,3,0,3
898,Female,45,1497788,24,2,1,0,2
899,Male,29,1235599,88,0,2,0,0
900,Female,29,1194347,83,0,2,0,0
901,Female,55,1067819,23,3,3,0,3
902,Male,28,1266017,83,0,2,0,0
903,Female,33,705884,73,4,4,0,4
904,Male,20,1263442,75,0,2,0,0
905,Male,48,1377615,44,2,1,0,2
906,Female,53,1014855,16,3,3,0,3
907,Male,57,990070,22,3,3,0,3
908,Female,59,1044435,28,3,3,0,3
909,Female,26,1205558,84,0,2,0,0
910,Female,60,970332,21,3,3,0,3
911,Female,56,1429766,27,2,1,0,2
912,Female,37,799391,83,4,4,0,4
913,Female,37,1226793,33,2,1,0,2
914,Male,43,466054,35,1,0,0,1
915,Male,57,878847,23,3,3,0,3
916,Male,42,453394,54,1,0,0,1
917,Male,54,1321958,24,2,1,0,2
918,Male,36,696638,74,4,4,0,4
919,Female,39,588555,44,1,0,0,1
920,Male,27,1148255,86,0,2,0,0
921,Female,29,879959,66,4,4,0,4
922,Male,27,1340599,90,0,2,0,0
923,Male,32,791313,72,4,4,0,4
924,Female,25,1156059,84,0,2,0,0
925,Male,55,1475264,39,2,1,0,2
926,Female,43,602828,40,1,0,0,1
927,Male,42,464536,44,1,0,0,1
928,Female,35,310324,47,1,0,0,1
929,Female,62,713407,23,3,3,0,3
930,Male,44,1280653,33,2,1,0,2
931,Female,30,1406646,79,0,2,0,0
932,Female,53,397259,38,1,0,0,1
933,Female,56,1262848,24,2,1,0,2
934,Male,47,587824,59,1,0,0,1
935,Male,52,1151106,19,3,3,0,3
936,Female,39,474910,38,1,0,0,1
937,Female,48,1500000,30,2,1,0,2
938,Male,60,954185,21,3,3,0,3
939,Female,42,1212148,42,2,1,0,2
940,Female,43,472576,36,1,0,0,1
941,Female,29,909505,74,4,4,0,4
942,Male,27,1248326,90,0,2,0,0
943,Male,45,656739,65,1,0,0,1
944,Male,56,1115052,21,3,3,0,3
945,Female,23,1188898,88,0,2,0,0
946,Female,47,467180,48,1,0,0,1
947,Female,28,1325087,73,0,2,0,0
948,Male,30,824548,91,4,4,0,4
949,Female,44,1500000,24,2,1,0,2
950,Female,39,436299,43,1,0,0,1
951,Male,36,555801,52,1,0,0,1
952,Female,43,513697,44,1,0,0,1
953,Male,27,1197892,83,0,2,0,0
954,Male,33,782474,75,4,4,0,4
955,Male,37,336598,50,1,0,0,1
956,Female,24,1236005,93,0,2,0,0
957,Female,43,507163,46,1,0,0,1
958,Female,32,754735,63,4,4,0,4
959,Male,53,1077116,21,3,3,0,3
960,Female,30,511198,75,4,4,0,4
961,Male,58,1076733,20,3,3,0,3
962,Female,32,401198,48,1,0,0,1
963,Female,61,977592,21,3,3,0,3
964,Female,26,691735,83,4,4,0,4
965,Male,32,697617,61,4,4,0,4
966,Female,35,480908,32,1,0,0,1
967,Male,24,682458,67,4,4,0,4
968,Male,59,1053956,20,3,3,0,3
969,Male,63,1078291,19,3,3,0,3
970,Female,52,986489,23,3,3,0,3
971,Female,31,697276,59,4,4,0,4
972,Female,46,1356114,35,2,1,0,2
973,Male,28,1308779,91,0,2,0,0
974,Male,52,823359,10,3,3,0,3
975,Male,27,576030,81,4,4,0,4
976,Female,49,1230190,39,2,1,0,2
977,Male,43,1308345,44,2,1,0,2
978,Female,50,1382567,22,2,1,0,2
979,Female,56,1421768,55,2,1,0,2
980,Female,63,905623,31,3,3,0,3
981,Female,60,1064180,30,3,3,0,3
982,Female,37,730357,66,4,4,0,4
983,Female,53,1499665,32,2,1,0,2
984,Male,56,880416,21,3,3,0,3
985,Male,49,1386025,33,2,1,0,2
986,Female,30,531803,70,4,4,0,4
987,Male,51,1409514,39,2,1,0,2
988,Male,58,762148,28,3,3,0,3
989,Female,55,831650,17,3,3,0,3
990,Female,52,1391952,31,2,1,0,2
991,Male,36,690689,57,4,4,0,4
992,Male,22,1262456,86,0,2,0,0
993,Female,53,1362528,31,2,1,0,2
994,Female,44,1235711,30,2,1,0,2
995,Female,56,1282688,26,2,1,0,2
996,Female,53,853475,26,3,3,0,3
997,Male,21,1311725,85,0,2,0,0
998,Male,38,207261,45,1,0,0,1
999,Female,62,975363,14,3,3,0,3
1000,Male,55,950390,15,3,3,0,3
1001,Female,24,789688,65,4,4,0,4
1002,Male,26,991350,82,0,2,0,0
1003,Male,64,829068,34,3,3,0,3
1004,Male,22,1033780,90,0,2,0,0
1005,Female,27,1284250,99,0,2,0,0
1006,Male,47,1500000,28,2,1,0,2
1007,Female,46,1480917,27,2,1,0,2
1008,Male,61,812902,38,3,3,0,3
1009,Male,48,1485293,42,2,1,0,2
1010,Female,28,1120536,87,0,2,0,0
1011,Male,43,501483,45,1,0,0,1
1012,Female,42,1362294,27,2,1,0,2
1013,Female,28,1388117,86,0,2,0,0
1014,Female,29,361064,48,1,0,0,1
1015,Female,31,541457,77,4,4,0,4
1016,Male,44,792368,35,1,0,0,1
1017,Male,59,945933,21,3,3,0,3
1018,Male,44,350328,50,1,0,0,1
1019,Male,33,1186557,91,0,2,0,0
1020,Male,45,355332,38,1,0,0,1
1021,Male,43,370033,44,1,0,0,1
1022,Male,47,379727,45,1,0,0,1
1023,Male,23,1341810,100,0,2,0,0
1024,Male,49,1500000,35,2,1,0,2
1025,Female,31,709275,64,4,4,0,4
1026,Female,22,1056021,81,0,2,0,0
1027,Female,55,849568,27,3,3,0,3
1028,Female,59,867764,32,3,3,0,3
1029,Female,59,754074,25,3,3,0,3
1030,Female,34,398873,43,1,0,0,1
1031,Male,46,1304003,29,2,1,0,2
1032,Male,37,784620,82,4,4,0,4
1033,Male,33,475865,45,1,0,0,1
1034,Male,24,1287104,80,0,2,0,0
1035,Female,47,1351925,41,2,1,0,2
1036,Female,47,498229,55,1,0,0,1
1037,Female,56,1016888,25,3,3,0,3
1038,Male,52,1482197,37,2,1,0,2
1039,Female,50,925040,17,3,3,0,3
1040,Female,35,810453,70,4,4,0,4
1041,Female,46,1346094,32,2,1,0,2
1042,Female,48,1310216,39,2,1,0,2
1043,Male,41,687392,78,4,4,0,4
1044,Male,58,897596,23,3,3,0,3
1045,Female,35,870368,75,4,4,0,4
1046,Male,57,866274,22,3,3,0,3
1047,Female,32,716366,39,1,0,0,1
1048,Female,22,1239027,80,0,2,0,0
1049,Female,45,659951,53,1,0,0,1
1050,Male,39,517109,50,1,0,0,1
1051,Female,34,870603,77,4,4,0,4
1052,Male,45,1432674,26,2,1,0,2
1053,Female,37,405719,44,1,0,0,1
1054,Male,39,495696,40,1,0,0,1
1055,Male,43,1497467,32,2,1,0,2
1056,Female,42,1278468,26,2,1,0,2
1057,Female,45,489768,39,1,0,0,1
1058,Male,37,1333468,31,2,1,0,2
1059,Female,28,1286599,84,0,2,0,0
1060,Male,47,1404506,40,2,1,0,2
1061,Male,50,1413489,32,2,1,0,2
1062,Male,48,569874,54,1,0,0,1
1063,Female,23,1411507,82,0,2,0,0
1064,Female,51,855667,27,3,3,0,3
1065,Male,47,593858,46,1,0,0,1
1066,Male,51,576350,53,1,0,0,1
1067,Female,46,469759,38,1,0,0,1
1068,Male,32,655071,63,4,4,0,4
1069,Female,31,643482,71,4,4,0,4
1070,Female,44,490221,64,1,0,0,1
1071,Male,24,1283708,78,0,2,0,0
1072,Male,48,1453822,41,2,1,0,2
1073,Male,60,869561,31,3,3,0,3
1074,Female,58,824158,25,3,3,0,3
1075,Male,25,1166191,75,0,2,0,0
1076,Male,56,1495532,32,2,1,0,2
1077,Male,37,531987,52,1,0,0,1
1078,Female,56,992995,21,3,3,0,3
1079,Male,36,610497,75,4,4,0,4
1080,Male,25,1299660,89,0,2,0,0
1081,Female,25,1185683,85,0,2,0,0
1082,Female,63,1464423,40,2,1,0,2
1083,Male,57,808544,24,3,3,0,3
1084,Female,24,1181080,83,0,2,0,0
1085,Male,31,1343594,84,0,2,0,0
1086,Female,44,570324,47,1,0,0,1
1087,Female,24,743020,82,4,4,0,4
1088,Female,30,960277,91,0,2,0,0
1089,Male,43,509787,55,1,0,0,1
1090,Female,37,390530,40,1,0,0,1
1091,Male,26,1444974,88,0,2,0,0
1092,Male,27,1210044,83,0,2,0,0
1093,Male,50,1483837,26,2,1,0,2
1094,Male,61,802891,17,3,3,0,3
1095,Male,52,1402344,32,2,1,0,2
1096,Female,57,1405864,34,2,1,0,2
1097,Female,40,576643,59,1,0,0,1
1098,Male,39,893678,74,4,4,0,4
1099,Male,50,1290828,37,2,1,0,2
1100,Female,57,979960,28,3,3,0,3
1101,Male,28,1178861,78,0,2,0,0
1102,Male,46,1212833,40,2,1,0,2
1103,Male,47,1328095,46,2,1,0,2
1104,Male,27,1164042,83,0,2,0,0
1105,Female,34,826219,78,4,4,0,4
1106,Female,52,1419420,29,2,1,0,2
1107,Male,34,842788,68,4,4,0,4
1108,Female,27,679379,78,4,4,0,4
1109,Female,42,424739,59,1,0,0,1
1110,Male,36,532840,46,1,0,0,1
1111,Male,50,1482684,35,2,1,0,2
1112,Female,24,1222655,82,0,2,0,0
1113,Female,43,1364935,31,2,1,0,2
1114,Male,40,566481,57,1,0,0,1
1115,Female,28,761012,82,4,4,0,4
1116,Male,18,1133115,75,0,2,0,0
1117,Male,50,1500000,37,2,1,0,2
1118,Male,33,669711,84,4,4,0,4
1119,Female,35,690585,72,4,4,0,4
1120,Female,48,692634,34,1,3,0,1
1121,Male,44,434145,47,1,0,0,1
1122,Male,56,799957,23,3,3,0,3
1123,Male,30,820157,76,4,4,0,4
1124,Female,26,1448130,86,0,2,0,0
1125,Male,56,1011202,27,3,3,0,3
1126,Female,55,901237,23,3,3,0,3
1127,Female,25,1280782,73,0,2,0,0
1128,Male,41,1399995,43,2,1,0,2
1129,Male,23,1229018,86,0,2,0,0
1130,Male,39,541909,40,1,0,0,1
1131,Male,59,1364519,33,2,1,0,2
1132,Male,31,1263683,77,0,2,0,0
1133,Male,54,1290425,31,2,1,0,2
1134,Female,58,856677,21,3,3,0,3
1135,Male,36,451476,47,1,0,0,1
1136,Male,26,517761,64,4,4,0,4
1137,Female,38,689737,52,1,0,0,1
1138,Female,24,1025708,83,0,2,0,0
1139,Female,28,1208379,90,0,2,0,0
1140,Male,35,838571,69,4,4,0,4
1141,Female,42,653629,36,1,0,0,1
1142,Male,40,521404,45,1,0,0,1
1143,Male,32,782534,73,4,4,0,4
1144,Female,61,1035528,20,3,3,0,3
1145,Male,57,808140,21,3,3,0,3
1146,Female,36,536053,43,1,0,0,1
1147,Female,31,1181590,88,0,2,0,0
1148,Female,47,689146,65,1,0,0,1
1149,Female,46,1438309,34,2,1,0,2
1150,Male,41,447455,53,1,0,0,1
1151,Male,54,1394024,39,2,1,0,2
1152,Male,51,1326714,25,2,1,0,2
1153,Female,51,831799,26,3,3,0,3
1154,Male,24,1171135,87,0,2,0,0
1155,Female,39,569341,49,1,0,0,1
1156,Male,60,846399,10,3,3,0,3
1157,Female,59,737656,13,3,3,0,3
1158,Female,46,1500000,43,2,1,0,2
1159,Female,24,1246680,96,0,2,0,0
1160,Female,62,759365,32,3,3,0,3
1161,Male,29,1370766,90,0,2,0,0
1162,Male,35,542737,54,1,0,0,1
1163,Male,55,1499567,40,2,1,0,2
1164,Male,50,945160,19,3,3,0,3
1165,Female,45,551222,47,1,0,0,1
1166,Female,51,1489630,31,2,1,0,2
1167,Male,44,1184015,31,2,1,0,2
1168,Male,37,583521,87,4,4,0,4
1169,Male,50,1236493,39,2,1,0,2
1170,Male,59,1124880,12,3,3,0,3
1171,Female,37,813879,72,4,4,0,4
1172,Female,27,1058554,75,0,2,0,0
1173,Female,44,741557,57,1,0,0,1
1174,Male,48,1377907,36,2,1,0,2
1175,Male,61,998410,21,3,3,0,3
1176,Female,35,590495,52,1,0,0,1
1177,Male,44,476396,47,1,0,0,1
1178,Male,30,641318,77,4,4,0,4
1179,Male,20,1325099,88,0,2,0,0
1180,Female,26,740053,77,4,4,0,4
1181,Female,22,1080525,75,0,2,0,0
1182,Male,63,954822,32,3,3,0,3
1183,Female,65,714729,12,3,3,0,3
1184,Female,30,723111,71,4,4,0,4
1185,Male,34,817318,64,4,4,0,4
1186,Female,21,1179420,76,0,2,0,0
1187,Male,38,736459,66,4,4,0,4
1188,Male,65,944029,32,3,3,0,3
1189,Male,55,814272,21,3,3,0,3
1190,Female,40,740445,74,4,4,0,4
1191,Male,42,1371985,25,2,1,0,2
1192,Male,30,1276046,81,0,2,0,0
1193,Male,28,1398668,84,0,2,0,0
1194,Female,51,1500000,36,2,1,0,2
1195,Male,38,704670,45,1,0,0,1
1196,Male,30,1066473,91,0,2,0,0
1197,Female,27,1163196,72,0,2,0,0
1198,Male,62,1034832,28,3,3,0,3
1199,Female,28,1311519,82,0,2,0,0
1200,Female,52,1411828,23,2,1,0,2
1201,Male,54,907597,18,3,3,0,3
1202,Male,32,645590,77,4,4,0,4
1203,Male,41,576094,49,1,0,0,1
1204,Male,63,915345,33,3,3,0,3
1205,Male,55,1461343,35,2,1,0,2
1206,Male,50,1416289,40,2,1,0,2
1207,Female,40,382742,42,1,0,0,1
1208,Male,26,727340,67,4,4,0,4
1209,Male,57,760490,22,3,3,0,3
1210,Female,19,1048154,91,0,2,0,0
1211,Male,63,705247,24,3,3,0,3
1212,Male,55,905364,9,3,3,0,3
1213,Male,35,803963,69,4,4,0,4
1214,Female,25,1230238,78,0,2,0,0
1215,Female,29,694677,69,4,4,0,4
1216,Female,28,1171396,82,0,2,0,0
1217,Female,22,593310,71,4,4,0,4
1218,Male,55,1414491,37,2,1,0,2
1219,Male,28,681554,53,4,4,0,4
1220,Male,47,545202,38,1,0,0,1
1221,Female,44,418146,35,1,0,0,1
1222,Male,44,521316,39,1,0,0,1
1223,Female,18,1062751,79,0,2,0,0
1224,Female,46,1331857,24,2,1,0,2
1225,Male,53,1357034,28,2,1,0,2
1226,Male,38,659160,41,1,0,0,1
1227,Male,36,780616,74,4,4,0,4
1228,Male,29,1158758,83,0,2,0,0
1229,Female,29,1495076,84,0,2,0,0
1230,Female,63,873653,15,3,3,0,3
1231,Male,20,682420,66,4,4,0,4
1232,Male,23,985712,77,0,2,0,0
1233,Male,37,589311,46,1,0,0,1
1234,Male,29,1291737,98,0,2,0,0
1235,Female,27,1258659,93,0,2,0,0
1236,Female,51,1468202,31,2,1,0,2
1237,Female,26,1300488,76,0,2,0,0
1238,Male,47,1484052,35,2,1,0,2
1239,Female,20,1104217,88,0,2,0,0
1240,Female,23,983970,88,0,2,0,0
1241,Male,42,1440100,38,2,1,0,2
1242,Male,33,507492,65,4,4,0,4
1243,Male,39,633710,33,1,0,0,1
1244,Female,24,695507,69,4,4,0,4
1245,Female,36,875042,70,4,4,0,4
1246,Male,38,395547,62,1,0,0,1
1247,Male,27,1330181,73,0,2,0,0
1248,Male,43,337126,52,1,0,0,1
1249,Female,29,621974,50,4,4,0,4
1250,Female,33,801772,66,4,4,0,4
1251,Male,35,848202,61,4,4,0,4
1252,Female,31,723643,57,4,4,0,4
1253,Male,41,585534,41,1,0,0,1
1254,Female,32,759985,78,4,4,0,4
1255,Male,54,932170,13,3,3,0,3
1256,Female,41,435566,44,1,0,0,1
1257,Male,52,1425835,31,2,1,0,2
1258,Female,23,1051267,84,0,2,0,0
1259,Male,43,651243,44,1,0,0,1
1260,Male,63,1099690,9,3,3,0,3
1261,Female,38,602293,66,4,0,0,4
1262,Male,31,459613,57,1,4,0,1
1263,Female,46,1132702,41,2,1,0,2
1264,Female,27,1251089,100,0,2,0,0
1265,Male,54,1500000,35,2,1,0,2
1266,Female,46,1481835,40,2,1,0,2
1267,Male,59,827392,21,3,3,0,3
1268,Female,34,713174,70,4,4,0,4
1269,Female,29,711563,63,4,4,0,4
1270,Male,46,1434429,31,2,1,0,2
1271,Male,32,947888,73,4,4,0,4
1272,Female,34,722440,63,4,4,0,4
1273,Female,26,1118244,84,0,2,0,0
1274,Male,30,974803,89,0,2,0,0
1275,Male,48,429272,50,1,0,0,1
1276,Male,52,783917,14,3,3,0,3
1277,Female,30,1100043,67,0,4,0,0
1278,Female,31,1047350,93,0,2,0,0
1279,Male,46,1315362,29,2,1,0,2
1280,Female,44,1493784,41,2,1,0,2
1281,Male,28,1328733,89,0,2,0,0
1282,Female,55,1425916,37,2,1,0,2
1283,Female,53,1333122,34,2,1,0,2
1284,Female,28,932022,79,4,4,0,4
1285,Female,35,755087,60,4,4,0,4
1286,Male,48,1392441,32,2,1,0,2
1287,Male,41,573006,51,1,0,0,1
1288,Female,40,504957,52,1,0,0,1
1289,Male,23,1156248,76,0,2,0,0
1290,Male,50,994596,19,3,3,0,3
1291,Female,28,776493,82,4,4,0,4
1292,Male,22,1222405,80,0,2,0,0
1293,Male,47,450693,56,1,0,0,1
1294,Male,56,908233,9,3,3,0,3
1295,Female,27,936857,89,0,2,0,0
1296,Female,38,645486,54,1,0,0,1
1297,Female,43,718151,65,1,4,0,4
1298,Female,30,907781,83,4,4,0,4
1299,Male,27,1386309,89,0,2,0,0
1300,Female,27,1227957,96,0,2,0,0
1301,Male,51,1031630,23,3,3,0,3
1302,Female,27,1241369,70,0,2,0,0
1303,Female,28,1339234,79,0,2,0,0
1304,Male,26,779271,75,4,4,0,4
1305,Female,19,1054519,90,0,2,0,0
1306,Female,53,973373,28,3,3,0,3
1307,Female,26,1173925,92,0,2,0,0
1308,Female,31,1225485,80,0,2,0,0
1309,Male,43,328027,61,1,0,0,1
1310,Female,33,835759,69,4,4,0,4
1311,Male,62,1033110,12,3,3,0,3
1312,Female,49,1384858,30,2,1,0,2
1313,Male,49,474483,43,1,0,0,1
1314,Male,42,465743,56,1,0,0,1
1315,Male,63,1289542,22,3,3,0,2
1316,Female,43,529460,52,1,0,0,1
1317,Female,52,1489443,48,2,1,0,2
1318,Male,25,1279073,88,0,2,0,0
1319,Male,54,1500000,34,2,1,0,2
1320,Male,51,1205813,45,2,1,0,2
1321,Female,31,1165662,76,0,2,0,0
1322,Female,38,451238,34,1,0,0,1
1323,Male,46,498386,50,1,0,0,1
1324,Male,51,1348933,32,2,1,0,2
1325,Female,32,872270,79,4,4,0,4
1326,Female,49,1500000,44,2,1,0,2
1327,Female,59,1008271,20,3,3,0,3
1328,Male,34,645802,82,4,4,0,4
1329,Female,58,784961,25,3,3,0,3
1330,Male,62,954650,24,3,3,0,3
1331,Male,31,1314226,83,0,2,0,0
1332,Male,46,1375431,34,2,1,0,2
1333,Male,52,984312,19,3,3,0,3
1334,Female,26,782326,67,4,4,0,4
1335,Female,35,389601,47,1,0,0,1
1336,Female,32,772276,58,4,4,0,4
1337,Female,36,830374,55,4,4,0,4
1338,Male,24,799694,70,4,4,0,4
1339,Female,44,1229860,22,2,1,0,2
1340,Female,43,559459,49,1,0,0,1
1341,Female,34,724650,71,4,4,0,4
1342,Female,25,1256025,74,0,2,0,0
1343,Male,32,677783,58,4,4,0,4
1344,Male,27,1339836,85,0,2,0,0
1345,Male,34,925816,68,4,4,0,4
1346,Female,63,672001,17,3,3,0,3
1347,Male,52,861713,10,3,3,0,3
1348,Male,47,590340,30,1,0,0,1
1349,Male,35,844920,62,4,4,0,4
1350,Female,31,777425,74,4,4,0,4
1351,Female,23,1305885,85,0,2,0,0
1352,Female,59,834570,16,3,3,0,3
1353,Male,39,458895,34,1,0,0,1
1354,Male,34,892541,77,4,4,0,4
1355,Female,52,647879,24,3,3,0,3
1356,Female,51,1498159,42,2,1,0,2
1357,Male,58,727934,18,3,3,0,3
1358,Male,28,553240,65,4,4,0,4
1359,Female,37,437193,41,1,0,0,1
1360,Male,25,1214968,82,0,2,0,0
1361,Female,38,1174321,86,0,2,-1,0
1362,Female,37,1392371,25,2,1,0,2
1363,Male,51,1460839,28,2,1,0,2
1364,Female,31,729426,76,4,4,0,4
1365,Male,38,522452,42,1,0,0,1
1366,Male,59,987829,18,3,3,0,3
1367,Male,50,1190642,32,2,1,0,2
1368,Female,60,936731,38,3,3,0,3
1369,Male,48,1500000,29,2,1,0,2
1370,Male,50,582401,30,1,0,0,1
1371,Male,27,1256777,78,0,2,0,0
1372,Male,51,512570,42,1,0,0,1
1373,Female,47,1484248,43,2,1,0,2
1374,Female,36,563695,63,4,0,0,1
1375,Female,25,1453470,89,0,2,0,0
1376,Female,61,1016366,25,3,3,0,3
1377,Female,22,766985,80,4,4,0,4
1378,Male,23,1232240,89,0,2,0,0
1379,Male,57,901225,24,3,3,0,3
1380,Female,56,1347194,38,2,1,0,2
1381,Male,49,1442776,34,2,1,0,2
1382,Female,48,1483996,44,2,1,0,2
1383,Male,32,1259032,96,0,2,0,0
1384,Male,58,866911,33,3,3,0,3
1385,Female,39,690719,82,4,4,0,4
1386,Male,27,774057,72,4,4,0,4
1387,Male,25,1326258,75,0,2,0,0
1388,Female,46,1313808,28,2,1,0,2
1389,Male,26,802907,93,4,2,0,4
1390,Male,49,492055,50,1,0,0,1
1391,Female,32,766100,64,4,4,0,4
1392,Female,59,1004170,34,3,3,0,3
1393,Female,32,699760,81,4,4,0,4
1394,Female,60,870148,32,3,3,0,3
1395,Female,22,1022379,92,0,2,0,0
1396,Female,47,525535,60,1,0,0,1
1397,Male,53,1484158,50,2,1,0,2
1398,Female,46,635118,51,1,0,0,1
1399,Male,54,1493637,48,2,1,0,2
1400,Female,37,737636,84,4,4,0,4
1401,Female,34,947448,65,4,4,0,4
1402,Male,44,667185,54,1,0,0,1
1403,Male,28,579974,66,4,4,0,4
1404,Male,41,480560,60,1,0,0,1
1405,Male,26,1401055,93,0,2,0,0
1406,Male,29,1275263,85,0,2,0,0
1407,Female,42,561615,46,1,0,0,1
1408,Male,44,336951,43,1,0,0,1
1409,Male,50,1177570,33,2,1,0,2
1410,Male,45,438684,41,1,0,0,1
1411,Female,45,1240296,35,2,1,0,2
1412,Male,29,1310584,93,0,2,0,0
1413,Male,24,1177775,92,0,2,0,0
1414,Male,65,965197,28,3,3,0,3
1415,Male,51,1152828,41,2,1,0,2
1416,Female,32,940913,62,4,4,0,4
1417,Female,41,560404,54,1,0,0,1
1418,Male,23,1249845,79,0,2,0,0
1419,Female,57,1378264,39,2,1,0,2
1420,Male,48,1460590,34,2,1,0,2
1421,Female,30,1183372,78,0,2,0,0
1422,Female,35,866214,79,4,4,0,4
1423,Female,52,1482550,34,2,1,0,2
1424,Female,31,573854,65,4,4,0,4
1425,Male,40,499939,51,1,0,0,1
1426,Male,24,1120523,83,0,2,0,0
1427,Female,57,1372889,31,2,1,0,2
1428,Male,45,387913,53,1,0,0,1
1429,Female,29,904359,81,4,4,0,4
1430,Female,26,1306187,86,0,2,0,0
1431,Female,27,1067108,75,0,2,0,0
1432,Male,29,1377123,100,0,2,0,0
1433,Female,34,710299,67,4,4,0,4
1434,Male,40,804230,66,4,4,0,4
1435,Female,41,379400,29,1,0,0,1
1436,Female,50,1309260,30,2,1,0,2
1437,Female,28,488758,49,1,0,0,1
1438,Female,41,621382,42,1,0,0,1
1439,Male,31,700377,47,1,4,0,4
1440,Female,53,1492486,33,2,1,0,2
1441,Male,39,625402,34,1,0,0,1
1442,Male,56,935867,20,3,3,0,3
1443,Female,31,814823,84,4,4,0,4
1444,Male,24,1176714,90,0,2,0,0
1445,Male,45,518039,54,1,0,0,1
1446,Male,48,1497092,30,2,1,0,2
1447,Female,30,773358,73,4,4,0,4
1448,Male,41,1433623,40,2,1,0,2
1449,Male,54,676757,14,3,3,0,3
1450,Male,40,382125,46,1,0,0,1
1451,Male,47,532573,55,1,0,0,1
1452,Female,34,775330,63,4,4,0,4
1453,Male,38,833306,62,4,4,0,4
1454,Male,51,404334,54,1,0,0,1
1455,Male,33,794327,70,4,4,0,4
1456,Female,27,1247077,83,0,2,0,0
1457,Female,56,947629,32,3,3,0,3
1458,Female,48,504911,48,1,0,0,1
1459,Female,37,568061,52,1,0,0,1
1460,Female,48,1500000,28,2,1,0,2
1461,Female,20,1177900,82,0,2,0,0
1462,Female,54,892947,18,3,3,0,3
1463,Male,39,823510,72,4,4,0,4
1464,Male,55,944508,26,3,3,0,3
1465,Male,63,1500000,43,2,1,0,2
1466,Female,53,1245534,36,2,1,0,2
1467,Male,39,483657,41,1,0,0,1
1468,Male,49,592126,55,1,0,0,1
1469,Female,25,1054001,96,0,2,0,0
1470,Male,27,898919,73,4,4,0,4
1471,Male,22,1394674,77,0,2,0,0
1472,Male,39,646497,51,1,0,0,1
1473,Male,54,934324,12,3,3,0,3
1474,Female,31,469820,39,1,0,0,1
1475,Male,37,693333,69,4,4,0,4
1476,Female,49,1457710,23,2,1,0,2
1477,Female,55,1002637,29,3,3,0,3
1478,Female,26,678476,70,4,4,0,4
1479,Female,50,1455180,38,2,1,0,2
1480,Male,26,493800,38,1,0,-1,1
1481,Male,48,496770,53,1,0,0,1
1482,Male,28,1085565,82,0,2,0,0
1483,Male,27,1410993,79,0,2,0,0
1484,Male,49,533743,41,1,0,0,1
1485,Male,65,929064,28,3,3,0,3
1486,Female,51,1466818,42,2,1,0,2
1487,Female,61,965764,21,3,3,0,3
1488,Female,27,1301434,83,0,2,0,0
1489,Male,43,386443,40,1,0,0,1
1490,Male,50,1420743,28,2,1,0,2
1491,Female,34,816337,72,4,4,0,4
1492,Female,26,1145116,83,0,2,0,0
1493,Male,54,940992,25,3,3,0,3
1494,Male,46,1453880,17,2,1,0,2
1495,Female,27,899951,70,4,4,0,4
1496,Female,54,939055,32,3,3,0,3
1497,Female,27,772240,54,4,4,0,4
1498,Male,51,1418515,34,2,1,0,2
1499,Female,53,1402746,30,2,1,0,2
1500,Male,56,890849,30,3,3,0,3
1501,Female,27,1101022,84,0,2,0,0
1502,Male,28,1158122,92,0,2,0,0
1503,Female,25,1085465,80,0,2,0,0
1504,Male,54,927467,20,3,3,0,3
1505,Female,43,1325374,24,2,1,0,2
1506,Female,31,699979,70,4,4,0,4
1507,Female,28,750494,72,4,4,0,4
1508,Female,36,721614,50,1,0,0,1
1509,Male,36,587982,76,4,4,0,4
1510,Male,42,1230067,34,2,1,0,2
1511,Male,42,613708,48,1,0,0,1
1512,Female,41,331480,52,1,0,0,1
1513,Female,27,743779,74,4,4,0,4
1514,Female,42,533308,63,1,0,0,1
1515,Male,57,948130,27,3,3,0,3
1516,Male,27,652246,72,4,4,0,4
1517,Female,51,1349321,30,2,1,0,2
1518,Male,26,770891,81,4,4,0,4
1519,Female,62,745778,23,3,3,0,3
1520,Female,49,1443923,29,2,1,0,2
1521,Female,35,614219,49,1,0,0,1
1522,Female,43,516171,50,1,0,0,1
1523,Male,45,1405554,32,2,1,0,2
1524,Male,48,1417350,33,2,1,0,2
1525,Female,37,589129,49,1,0,0,1
1526,Female,55,1481347,33,2,1,0,2
1527,Male,38,643716,61,1,0,0,4
1528,Male,33,631794,76,4,4,0,4
1529,Female,36,561972,42,1,0,0,1
1530,Female,62,1385065,30,2,1,0,2
1531,Female,39,517681,46,1,0,0,1
1532,Male,50,697210,29,3,3,0,3
1533,Male,42,834082,77,4,4,0,4
1534,Male,39,665985,43,1,0,0,1
1535,Male,26,1125672,86,0,2,0,0
1536,Female,25,1100844,85,0,2,0,0
1537,Female,52,924000,20,3,3,0,3
1538,Male,59,923233,17,3,3,0,3
1539,Male,19,987847,75,0,2,0,0
1540,Female,25,1336608,79,0,2,0,0
1541,Male,27,1127226,74,0,2,0,0
1542,Female,31,1155754,82,0,2,0,0
1543,Female,39,1434845,45,2,1,0,2
1544,Male,42,542415,52,1,0,0,1
1545,Male,42,504163,42,1,0,0,1
1546,Male,28,1307252,86,0,2,0,0
1547,Female,27,1038142,79,0,2,0,0
1548,Female,31,736026,67,4,4,0,4
1549,Female,24,1150960,62,0,2,0,0
1550,Female,28,642893,69,4,4,0,4
1551,Female,37,727917,74,4,4,0,4
1552,Female,54,816458,20,3,3,0,3
1553,Female,22,1153426,85,0,2,0,0
1554,Male,28,1162756,70,0,2,0,0
1555,Male,55,1494052,38,2,1,0,2
1556,Female,39,614366,33,1,0,0,1
1557,Female,20,1079192,76,0,2,0,0
1558,Male,56,838439,36,3,3,0,3
1559,Female,33,576499,67,4,4,0,4
1560,Female,22,1208369,87,0,2,0,0
1561,Female,34,742761,57,4,4,0,4
1562,Male,27,1044097,91,0,2,0,0
1563,Male,28,875719,71,4,4,0,4
1564,Female,32,782206,58,4,4,0,4
1565,Female,51,1249882,48,2,1,0,2
1566,Female,30,920613,52,4,4,0,4
1567,Female,32,607599,73,4,4,0,4
1568,Male,31,746357,69,4,4,0,4
1569,Male,31,890367,77,4,4,0,4
1570,Female,49,1267784,36,2,1,0,2
1571,Male,22,1106441,85,0,2,0,0
1572,Male,28,1162129,86,0,2,0,0
1573,Female,23,1195130,88,0,2,0,0
1574,Male,37,570129,39,1,0,0,1
1575,Male,52,940360,32,3,3,0,3
1576,Male,26,1189081,74,0,2,0,0
1577,Female,44,1458314,33,2,1,0,2
1578,Male,62,957020,16,3,3,0,3
1579,Male,57,755586,21,3,3,0,3
1580,Female,40,683096,60,1,0,0,1
1581,Female,28,658196,58,4,4,0,4
1582,Male,25,1226462,95,0,2,0,0
1583,Male,44,1475398,37,2,1,0,2
1584,Female,59,965273,14,3,3,0,3
1585,Female,50,531739,63,1,0,0,1
1586,Male,26,996038,61,4,4,0,4
1587,Female,60,816444,11,3,3,0,3
1588,Male,40,1392317,39,2,1,0,2
1589,Female,42,527007,46,1,0,0,1
1590,Female,33,647001,69,4,4,0,4
1591,Male,35,348363,48,1,0,0,1
1592,Male,31,733805,76,4,4,0,4
1593,Female,26,1317958,94,0,2,0,0
1594,Male,37,732129,71,4,4,0,4
1595,Male,22,1237734,100,0,2,0,0
1596,Female,52,826419,15,3,3,0,3
1597,Male,48,1380847,40,2,1,0,2
1598,Male,49,593840,53,1,0,0,1
1599,Female,47,462291,41,1,0,0,1
1600,Male,45,572566,55,1,0,0,1
1601,Female,59,1072504,23,3,3,0,3
1602,Female,24,1256965,94,0,2,0,0
1603,Male,63,964666,18,3,3,0,3
1604,Female,40,541491,51,1,0,0,1
1605,Female,32,546073,48,1,0,0,1
1606,Male,35,603754,46,1,0,0,1
1607,Male,52,1458959,41,2,1,0,2
1608,Male,29,734102,66,4,4,0,4
1609,Female,58,750447,15,3,3,0,3
1610,Female,37,510956,38,1,0,0,1
1611,Male,45,591839,59,1,0,0,1
1612,Male,24,1328766,97,0,2,0,0
1613,Male,50,967301,24,3,3,0,3
1614,Male,60,956902,28,3,3,0,3
1615,Female,26,1139402,78,0,2,0,0
1616,Female,45,1473139,41,2,1,0,2
1617,Male,58,1500000,40,2,1,0,2
1618,Female,28,1262560,89,0,2,0,0
1619,Male,48,1367590,33,2,1,0,2
1620,Male,62,1065886,20,3,3,0,3
1621,Female,55,828600,17,3,3,0,3
1622,Female,40,575938,48,1,0,0,1
1623,Female,59,841818,22,3,3,0,3
1624,Female,48,1442177,34,2,1,0,2
1625,Female,24,1223824,80,0,2,0,0
1626,Male,27,876655,81,4,4,0,4
1627,Female,53,1001671,25,3,3,0,3
1628,Female,28,1262565,82,0,2,0,0
1629,Female,24,1240464,78,0,2,0,0
1630,Male,45,1336190,26,2,1,0,2
1631,Male,60,935873,25,3,3,0,3
1632,Female,51,636603,47,1,0,0,1
1633,Female,33,659467,68,4,4,0,4
1634,Female,63,803278,13,3,3,0,3
1635,Male,61,856485,29,3,3,0,3
1636,Female,33,747018,60,4,4,0,4
1637,Female,45,1421492,46,2,1,0,2
1638,Male,31,808572,82,4,4,0,4
1639,Female,44,528536,51,1,0,0,1
1640,Female,27,934193,78,4,4,0,4
1641,Male,34,479480,36,1,0,0,1
1642,Male,34,769267,79,4,4,0,4
1643,Male,62,1056466,25,3,3,0,3
1644,Female,26,1067821,85,0,2,0,0
1645,Male,42,515840,35,1,0,0,1
1646,Female,41,473363,51,1,0,0,1
1647,Female,42,1238550,27,2,1,0,2
1648,Female,26,625025,76,4,4,0,4
1649,Male,45,1497545,30,2,1,0,2
1650,Female,44,531977,52,1,0,0,1
1651,Female,52,738662,16,3,3,0,3
1652,Female,56,1305291,51,2,1,0,2
1653,Female,26,1253288,79,0,2,0,0
1654,Female,29,1064219,89,0,2,0,0
1655,Female,52,553555,30,1,0,0,1
1656,Female,39,1500000,37,2,1,0,2
1657,Female,31,835160,86,4,4,0,4
1658,Female,37,636537,63,4,0,0,4
1659,Male,38,522632,46,1,0,0,1
1660,Male,54,1481014,25,2,1,0,2
1661,Female,44,485689,61,1,0,0,1
1662,Female,31,805035,78,4,4,0,4
1663,Male,62,914988,33,3,3,0,3
1664,Male,59,753898,24,3,3,0,3
1665,Female,56,1496838,44,2,1,0,2
1666,Male,23,1190095,81,0,2,0,0
1667,Female,51,1433689,36,2,1,0,2
1668,Male,61,733054,29,3,3,0,3
1669,Male,25,1341730,93,0,2,0,0
1670,Male,47,528566,47,1,0,0,1
1671,Male,52,1443722,38,2,1,0,2
1672,Male,24,1129331,97,0,2,0,0
1673,Male,25,1435865,85,0,2,0,0
1674,Female,46,1423594,36,2,1,0,2
1675,Female,38,465475,36,1,0,0,1
1676,Female,36,793700,59,4,4,0,4
1677,Female,63,1500000,44,2,1,0,2
1678,Male,47,1362509,32,2,1,0,2
1679,Female,44,562495,43,1,0,0,1
1680,Female,48,1327285,41,2,1,0,2
1681,Male,53,1485702,35,2,1,0,2
1682,Male,47,1429766,35,2,1,0,2
1683,Male,50,1294505,33,2,1,0,2
1684,Female,31,785511,88,4,4,0,4
1685,Female,49,1500000,44,2,1,0,2
1686,Female,23,1257151,97,0,2,0,0
1687,Male,55,677853,19,3,3,0,3
1688,Male,24,1161747,78,0,2,0,0
1689,Male,54,1343656,42,2,1,0,2
1690,Male,50,1318099,33,2,1,0,2
1691,Male,36,809610,73,4,4,0,4
1692,Male,24,765124,65,4,4,0,4
1693,Female,24,1166562,83,0,2,0,0
1694,Male,39,1304559,37,2,1,0,2
1695,Female,41,431855,46,1,0,0,1
1696,Male,54,1486319,41,2,1,0,2
1697,Male,48,519782,47,1,0,0,1
1698,Female,32,706491,82,4,4,0,4
1699,Male,46,516531,52,1,0,0,1
1700,Female,39,594679,50,1,0,0,1
1701,Female,35,737967,80,4,4,0,4
1702,Female,29,732565,84,4,4,0,4
1703,Male,55,1360853,38,2,1,0,2
1704,Female,49,1347898,38,2,1,0,2
1705,Male,53,1235267,36,2,1,0,2
1706,Male,26,1278510,81,0,2,0,0
1707,Male,54,923933,28,3,3,0,3
1708,Female,53,1484841,40,2,1,0,2
1709,Male,41,1357523,50,2,1,0,2
1710,Male,48,1500000,32,2,1,0,2
1711,Male,25,1076415,80,0,2,0,0
1712,Female,47,428560,50,1,0,0,1
1713,Male,47,1219806,35,2,1,0,2
1714,Female,62,967828,20,3,3,0,3
1715,Female,59,728658,27,3,3,0,3
1716,Female,33,843881,82,4,4,0,4
1717,Male,53,1406778,32,2,1,0,2
1718,Male,34,726942,71,4,4,0,4
1719,Female,45,521381,39,1,0,0,1
1720,Female,50,1394939,32,2,1,0,2
1721,Male,47,1494413,46,2,1,0,2
1722,Female,28,1142681,75,0,2,0,0
1723,Male,22,710469,91,4,4,-1,4
1724,Male,61,1485587,43,2,1,0,2
1725,Female,56,1482159,40,2,1,0,2
1726,Male,47,572276,49,1,0,0,1
1727,Female,58,866187,26,3,3,0,3
1728,Male,62,983804,11,3,3,0,3
1729,Male,43,513254,45,1,0,0,1
1730,Male,47,544192,43,1,0,0,1
1731,Male,47,1493979,43,2,1,0,2
1732,Male,37,695838,73,4,4,0,4
1733,Female,42,484158,47,1,0,0,1
1734,Male,26,755596,79,4,4,0,4
1735,Male,28,722153,66,4,4,0,4
1736,Female,57,882047,23,3,3,0,3
1737,Female,50,1320641,34,2,1,0,2
1738,Female,30,745148,63,4,4,0,4
1739,Male,60,839584,14,3,3,0,3
1740,Female,45,493114,50,1,0,0,1
1741,Female,47,368162,60,1,0,0,1
1742,Male,59,942418,13,3,3,0,3
1743,Male,24,1154560,87,0,2,0,0
1744,Female,57,1374521,38,2,1,0,2
1745,Male,44,1384597,34,2,1,0,2
1746,Male,42,594405,37,1,0,0,1
1747,Female,30,1477049,79,0,2,0,0
1748,Female,58,852261,12,3,3,0,3
1749,Male,49,1429807,22,2,1,0,2
1750,Male,44,457116,39,1,0,0,1
1751,Male,23,1083720,82,0,2,0,0
1752,Male,44,1217025,21,2,1,0,2
1753,Male,36,675317,26,1,0,0,1
1754,Female,43,472336,48,1,0,0,1
1755,Female,24,1189737,80,0,2,0,0
1756,Male,55,1417491,39,2,1,0,2
1757,Male,49,629850,7,3,3,0,3
1758,Female,47,655923,41,1,0,0,1
1759,Female,45,406891,58,1,0,0,1
1760,Male,58,911045,25,3,3,0,3
1761,Female,23,1156179,97,0,2,0,0
1762,Male,43,1480919,32,2,1,0,2
1763,Male,25,623737,76,4,4,0,4
1764,Male,42,407090,42,1,0,0,1
1765,Male,25,1406568,83,0,2,0,0
1766,Male,39,498481,54,1,0,0,1
1767,Male,51,1370489,27,2,1,0,2
1768,Female,33,1015629,72,4,4,0,4
1769,Female,50,1369504,42,2,1,0,2
1770,Male,38,1345604,39,2,1,0,2
1771,Male,48,1377116,38,2,1,0,2
1772,Male,54,910003,13,3,3,0,3
1773,Female,61,802512,23,3,3,0,3
1774,Female,24,1203618,93,0,2,0,0
1775,Male,25,1151816,92,0,2,0,0
1776,Female,55,1474055,48,2,1,0,2
1777,Female,31,777780,73,4,4,0,4
1778,Female,22,1183660,73,0,2,0,0
1779,Male,41,506607,48,1,0,0,1
1780,Male,37,442950,48,1,0,0,1
1781,Female,55,1386867,47,2,1,0,2
1782,Male,43,535730,54,1,0,0,1
1783,Female,45,400074,61,1,0,0,1
1784,Female,20,1333424,82,0,2,0,0
1785,Female,24,960388,88,0,2,0,0
1786,Female,20,1300816,88,0,2,0,0
1787,Male,36,720088,73,4,4,0,4
1788,Male,46,569100,49,1,0,0,1
1789,Female,61,875695,19,3,3,0,3
1790,Male,58,861144,5,3,3,0,3
1791,Male,46,666802,26,1,3,0,1
1792,Female,33,689418,70,4,4,0,4
1793,Female,44,502141,51,1,0,0,1
1794,Female,27,1258716,81,0,2,0,0
1795,Male,60,875274,22,3,3,0,3
1796,Female,39,516176,55,1,0,0,1
1797,Male,49,1281848,45,2,1,0,2
1798,Female,26,1154905,83,0,2,0,0
1799,Male,39,635446,45,1,0,0,1
1800,Female,35,373510,27,1,0,0,1
1801,Male,31,841818,76,4,4,0,4
1802,Female,30,817201,71,4,4,0,4
1803,Male,49,1500000,45,2,1,0,2
1804,Male,53,839217,23,3,3,0,3
1805,Female,31,696365,56,4,4,0,4
1806,Female,40,418712,49,1,0,0,1
1807,Male,58,878016,38,3,3,0,3
1808,Male,29,821151,79,4,4,0,4
1809,Male,37,474960,29,1,0,0,1
1810,Male,39,987273,79,4,4,0,4
1811,Male,34,731525,83,4,4,0,4
1812,Male,42,1352265,36,2,1,0,2
1813,Male,53,1489176,46,2,1,0,2
1814,Male,50,1223020,36,2,1,0,2
1815,Female,38,440595,39,1,0,0,1
1816,Female,52,1358766,27,2,1,0,2
1817,Female,54,770908,20,3,3,0,3
1818,Male,36,774271,70,4,4,0,4
1819,Male,52,801433,15,3,3,0,3
1820,Female,52,999410,30,3,3,0,3
1821,Female,49,499216,48,1,0,0,1
1822,Male,51,1473046,26,2,1,0,2
1823,Male,47,1446358,43,2,1,0,2
1824,Male,24,1255471,87,0,2,0,0
1825,Female,28,1093170,82,0,2,0,0
1826,Female,31,893146,70,4,4,0,4
1827,Male,52,411493,43,1,0,0,1
1828,Female,33,682316,73,4,4,0,4
1829,Female,57,704354,25,3,3,0,3
1830,Male,45,420817,49,1,0,0,1
1831,Female,39,566243,42,1,0,0,1
1832,Male,33,749816,81,4,4,0,4
1833,Male,54,1019126,27,3,3,0,3
1834,Female,26,1103405,79,0,2,0,0
1835,Male,29,792366,73,4,4,0,4
1836,Male,57,1038262,30,3,3,0,3
1837,Female,26,1223268,77,0,2,0,0
1838,Female,29,1129004,80,0,2,0,0
1839,Female,53,908148,20,3,3,0,3
1840,Male,56,839459,13,3,3,0,3
1841,Male,59,836387,17,3,3,0,3
1842,Male,61,876224,16,3,3,0,3
1843,Male,24,1134955,90,0,2,0,0
1844,Female,22,1041416,82,0,2,0,0
1845,Female,27,1359954,93,0,2,0,0
1846,Male,30,437244,35,1,0,0,1
1847,Male,29,1265552,90,0,2,0,0
1848,Male,24,1187770,91,0,2,0,0
1849,Male,38,1354433,37,2,1,0,2
1850,Female,42,578823,42,1,0,0,1
1851,Female,32,577929,57,4,4,0,4
1852,Male,44,1334728,18,2,1,0,2
1853,Male,61,968508,17,3,3,0,3
1854,Male,27,836195,73,4,4,0,4
1855,Male,62,1121273,29,3,3,0,3
1856,Male,39,493649,61,1,0,0,1
1857,Male,51,1238654,32,2,1,0,2
1858,Male,60,1016260,30,3,3,0,3
1859,Female,38,490129,30,1,0,0,1
1860,Male,37,476474,58,1,0,0,1
1861,Female,58,1071121,22,3,3,0,3
1862,Female,20,1073655,83,0,2,0,0
1863,Female,27,968368,53,4,4,0,4
1864,Female,48,1356355,29,2,1,0,2
1865,Female,55,1332935,42,2,1,0,2
1866,Female,49,1401579,29,2,1,0,2
1867,Female,28,1288969,98,0,2,0,0
1868,Male,42,331330,44,1,0,0,1
1869,Female,18,1290076,85,0,2,0,0
1870,Male,52,1500000,35,2,1,0,2
1871,Male,49,1257648,33,2,1,0,2
1872,Male,27,691169,79,4,4,0,4
1873,Male,53,757881,19,3,3,0,3
1874,Male,51,1327651,23,2,1,0,2
1875,Male,53,1499870,35,2,1,0,2
1876,Male,49,547004,24,1,0,0,1
1877,Female,44,580715,36,1,0,0,1
1878,Female,43,1324896,33,2,1,0,2
1879,Female,39,653834,46,1,0,0,1
1880,Female,32,998619,73,4,4,0,4
1881,Male,28,1201168,69,0,2,0,0
1882,Male,34,484528,55,1,0,0,1
1883,Female,29,752379,68,4,4,0,4
1884,Female,44,516042,62,1,0,0,1
1885,Female,61,763136,24,3,3,0,3
1886,Male,60,978279,11,3,3,0,3
1887,Female,38,545638,48,1,0,0,1
1888,Female,30,1480146,92,0,2,0,0
1889,Female,49,1263167,27,2,1,0,2
1890,Female,38,742732,37,1,0,0,1
1891,Male,41,721542,56,1,0,0,1
1892,Female,30,835535,68,4,4,0,4
1893,Male,58,1491074,31,2,1,0,2
1894,Female,36,583273,50,1,0,0,1
1895,Female,38,434235,42,1,0,0,1
1896,Female,32,1306371,93,0,2,0,0
1897,Male,30,686359,58,4,4,0,4
1898,Male,59,903462,28,3,3,0,3
1899,Male,32,915247,88,4,4,0,4
1900,Male,32,811041,77,4,4,0,4
1901,Female,55,866911,16,3,3,0,3
1902,Female,41,405545,55,1,0,0,1
1903,Female,38,480495,36,1,0,0,1
1904,Male,22,1077729,93,0,2,0,0
1905,Male,63,812990,17,3,3,0,3
1906,Female,26,1290818,86,0,2,0,0
1907,Male,57,695541,22,3,3,0,3
1908,Male,44,483871,48,1,0,0,1
1909,Male,30,749375,80,4,4,0,4
1910,Female,21,1392347,88,0,2,0,0
1911,Male,35,897943,79,4,4,0,4
1912,Female,28,1324562,88,0,2,0,0
1913,Male,48,351963,50,1,0,0,1
1914,Male,39,1161720,42,2,1,0,2
1915,Male,57,915187,31,3,3,0,3
1916,Female,32,1427719,76,0,2,0,0
1917,Male,40,454480,39,1,0,0,1
1918,Female,64,1024158,23,3,3,0,3
1919,Male,50,925548,13,3,3,0,3
1920,Male,54,1308878,24,2,1,0,2
1921,Male,49,1291330,30,2,1,0,2
1922,Female,24,1348734,79,0,2,0,0
1923,Female,54,1018904,23,3,3,0,3
1924,Female,33,420189,50,1,0,0,1
1925,Female,26,909118,55,4,4,0,4
1926,Female,51,1371572,36,2,1,0,2
1927,Male,30,1161475,96,0,2,0,0
1928,Female,26,939962,93,0,2,0,0
1929,Male,38,623308,63,4,0,0,4
1930,Female,44,366591,39,1,0,0,1
1931,Female,55,990415,26,3,3,0,3
1932,Female,33,924898,81,4,4,0,4
1933,Male,27,1302358,99,0,2,0,0
1934,Female,51,516405,62,1,0,0,1
1935,Female,21,1112684,90,0,2,0,0
1936,Male,49,1484698,35,2,1,0,2
1937,Female,34,762529,72,4,4,0,4
1938,Male,54,801836,21,3,3,0,3
1939,Male,55,759402,21,3,3,0,3
1940,Male,60,870699,26,3,3,0,3
1941,Female,57,812918,12,3,3,0,3
1942,Male,30,649532,84,4,4,0,4
1943,Male,48,1500000,30,2,1,0,2
1944,Female,24,1500000,69,0,2,-1,0
1945,Male,53,994313,28,3,3,0,3
1946,Female,61,874334,21,3,3,0,3
1947,Male,61,1052811,15,3,3,0,3
1948,Female,42,1136272,26,2,1,0,2
1949,Male,27,751520,77,4,4,0,4
1950,Female,25,1129309,83,0,2,0,0
1951,Male,30,697564,68,4,4,0,4
1952,Male,49,1363608,33,2,1,0,2
1953,Female,43,395046,56,1,0,0,1
1954,Female,36,786262,78,4,4,0,4
1955,Male,38,419647,41,1,0,0,1
1956,Female,25,1391358,84,0,2,0,0
1957,Female,36,846749,75,4,4,0,4
1958,Female,37,747689,69,4,4,0,4
1959,Male,48,1436719,37,2,1,0,2
1960,Male,47,1473780,19,2,1,0,2
1961,Male,55,1073483,9,3,3,0,3
1962,Male,29,917821,57,4,4,0,4
1963,Male,65,897614,28,3,3,0,3
1964,Male,31,702701,82,4,4,0,4
1965,Male,47,376173,39,1,0,0,1
1966,Female,21,1011073,74,0,2,0,0
1967,Female,31,767011,65,4,4,0,4
1968,Male,39,782899,75,4,4,0,4
1969,Female,52,1335649,45,2,1,0,2
1970,Female,41,1499941,44,2,1,0,2
1971,Male,25,1076237,86,0,2,0,0
1972,Female,49,1480153,31,2,1,0,2
1973,Female,49,1298529,10,2,1,0,2
1974,Female,33,756214,66,4,4,0,4
1975,Female,53,1224416,51,2,1,0,2
1976,Female,28,1274345,78,0,2,0,0
1977,Female,53,1450024,33,2,1,0,2
1978,Male,50,1500000,44,2,1,0,2
1979,Male,59,927166,25,3,3,0,3
1980,Male,48,447596,30,1,0,0,1
1981,Female,30,988886,77,4,4,0,4
1982,Male,28,1272276,78,0,2,0,0
1983,Male,42,457745,46,1,0,0,1
1984,Male,41,575089,88,4,4,0,4
1985,Female,50,1274087,39,2,1,0,2
1986,Female,33,458045,37,1,0,0,1
1987,Female,58,837810,25,3,3,0,3
1988,Male,42,502081,43,1,0,0,1
1989,Male,55,804049,22,3,3,0,3
1990,Male,54,1413533,51,2,1,0,2
1991,Female,58,882610,8,3,3,0,3
1992,Female,25,1231204,88,0,2,0,0
1993,Female,18,1309269,100,0,2,0,0
1994,Female,45,1430687,50,2,1,0,2
1995,Male,52,1500000,35,2,1,0,2
1996,Male,61,786219,38,3,3,0,3
1997,Male,64,1070675,19,3,3,0,3
1998,Male,54,1092358,23,3,3,0,3
1999,Female,27,789607,74,4,4,0,4
2000,Female,29,899748,85,4,4,0,4
2001,Female,38,530100,39,1,0,0,1
2002,Female,34,749239,71,4,4,0,4
2003,Male,56,1106745,48,2,1,-1,2
2004,Male,43,1441233,22,2,1,0,2
2005,Male,54,850083,25,3,3,0,3
2006,Female,37,509937,47,1,0,0,1
2007,Male,31,585707,61,4,4,0,4
2008,Male,52,828510,21,3,3,0,3
2009,Male,37,480447,54,1,0,0,1
2010,Female,43,519614,43,1,0,0,1
2011,Male,46,1350575,24,2,1,0,2
2012,Female,33,705686,63,4,4,0,4
2013,Female,56,837687,18,3,3,0,3
2014,Female,42,1294105,34,2,1,0,2
2015,Female,52,770759,21,3,3,0,3
2016,Male,51,1383841,33,2,1,0,2
2017,Female,39,630182,48,1,0,0,1
2018,Male,53,1347413,36,2,1,0,2
2019,Male,44,1493570,30,2,1,0,2
2020,Female,34,835719,62,4,4,0,4
2021,Male,36,765008,60,4,4,0,4
2022,Female,23,1202624,74,0,2,0,0
2023,Female,59,1343141,30,2,1,0,2
2024,Female,50,1403024,22,2,1,0,2
2025,Female,55,1019531,17,3,3,0,3
2026,Female,29,768775,71,4,4,0,4
2027,Male,48,550021,30,1,0,0,1
2028,Female,55,858711,20,3,3,0,3
2029,Female,23,1336649,89,0,2,0,0
2030,Female,58,824609,20,3,3,0,3
2031,Female,45,540046,40,1,0,0,1
2032,Male,55,834611,20,3,3,0,3
2033,Male,57,764817,21,3,3,0,3
2034,Female,27,818355,72,4,4,0,4
2035,Male,47,1480193,39,2,1,0,2
2036,Female,24,736822,81,4,4,0,4
2037,Male,58,1066623,28,3,3,0,3
2038,Male,49,499705,54,1,0,0,1
2039,Female,27,648724,81,4,4,0,4
2040,Male,42,454964,44,1,0,0,1
2041,Male,25,1013193,88,0,2,0,0
2042,Female,25,1319867,85,0,2,0,0
2043,Male,32,693854,72,4,4,0,4
2044,Female,26,1245069,65,0,2,0,0
2045,Male,30,596288,68,4,4,0,4
2046,Male,27,1110054,89,0,2,0,0
2047,Female,48,1452308,47,2,1,0,2
2048,Female,26,1439753,87,0,2,0,0
2049,Male,57,902013,26,3,3,0,3
2050,Female,27,759439,77,4,4,0,4
2051,Male,25,1286161,78,0,2,0,0
2052,Male,25,643443,71,4,4,0,4
2053,Male,59,1224624,21,3,3,0,3
2054,Male,53,834948,31,3,3,0,3
2055,Male,31,817745,78,4,4,0,4
2056,Female,24,1271668,86,0,2,0,0
2057,Male,25,1109957,90,0,2,0,0
2058,Female,59,1302368,31,2,1,0,2
2059,Female,33,834751,93,4,4,0,4
2060,Male,49,1500000,24,2,1,0,2
2061,Female,30,689593,97,4,4,-1,4
2062,Female,46,1497665,42,2,1,0,2
2063,Male,47,499848,44,1,0,0,1
2064,Male,28,1498214,86,0,2,0,0
2065,Female,46,1440050,33,2,1,0,2
2066,Female,42,564270,56,1,0,0,1
2067,Female,59,905490,28,3,3,0,3
2068,Male,56,1009038,23,3,3,0,3
2069,Male,25,1251524,94,0,2,0,0
2070,Female,65,783076,14,3,3,0,3
2071,Female,30,789088,69,4,4,0,4
2072,Male,27,1183717,98,0,2,0,0
2073,Female,53,1500000,24,2,1,0,2
2074,Female,41,1488174,32,2,1,0,2
2075,Female,40,622950,59,1,0,0,1
2076,Male,47,1500000,45,2,1,0,2
2077,Female,38,553087,50,1,0,0,1
2078,Female,47,536862,43,1,0,0,1
2079,Male,50,647338,57,1,0,0,1
2080,Female,33,726122,75,4,4,0,4
2081,Male,48,1417821,33,2,1,0,2
2082,Female,55,977026,21,3,3,0,3
2083,Male,43,1369611,44,2,1,0,2
2084,Male,31,716801,81,4,4,0,4
2085,Male,44,649390,49,1,0,0,1
2086,Female,33,693361,85,4,4,0,4
2087,Male,34,675133,68,4,4,0,4
2088,Male,55,853687,26,3,3,0,3
2089,Male,53,1204784,47,2,1,0,2
2090,Male,64,839580,24,3,3,0,3
2091,Female,51,438606,64,1,0,0,1
2092,Female,34,619768,81,4,4,0,4
2093,Male,36,654609,82,4,4,0,4
2094,Male,41,421372,41,1,0,0,1
2095,Male,32,777163,73,4,4,0,4
2096,Female,27,1082511,96,0,2,0,0
2097,Male,24,1398142,87,0,2,0,0
2098,Male,52,1441451,43,2,1,0,2
2099,Female,55,784684,19,3,3,0,3
2100,Male,40,430038,59,1,0,0,1
2101,Male,42,1500000,28,2,1,0,2
2102,Male,44,1500000,39,2,1,0,2
2103,Female,34,696843,81,4,4,0,4
2104,Female,51,584886,49,1,0,0,1
2105,Female,59,1483514,41,2,1,0,2
2106,Female,43,674147,51,1,0,0,1
2107,Male,30,760632,66,4,4,0,4
2108,Male,53,1500000,44,2,1,0,2
2109,Female,24,991506,84,0,2,0,0
2110,Male,51,1348874,41,2,1,0,2
2111,Male,24,942332,84,0,2,0,0
2112,Male,47,1480393,36,2,1,0,2
2113,Male,37,704244,73,4,4,0,4
2114,Female,39,487603,39,1,0,0,1
2115,Male,56,854745,29,3,3,0,3
2116,Male,33,715236,61,4,4,0,4
2117,Female,55,1319699,28,2,1,0,2
2118,Male,45,1350895,32,2,1,0,2
2119,Female,33,582835,69,4,4,0,4
2120,Female,47,473587,50,1,0,0,1
2121,Female,27,1322407,90,0,2,0,0
2122,Female,46,535205,40,1,0,0,1
2123,Female,33,780033,78,4,4,0,4
2124,Male,50,1368278,39,2,1,0,2
2125,Male,38,441417,25,1,0,0,1
2126,Male,57,1500000,31,2,1,0,2
2127,Male,23,1207355,80,0,2,0,0
2128,Female,51,1384664,34,2,1,0,2
2129,Female,51,1486602,30,2,1,0,2
2130,Male,59,984896,16,3,3,0,3
2131,Male,55,1122304,12,3,3,0,3
2132,Male,49,1469591,49,2,1,0,2
2133,Female,29,1436111,81,0,2,0,0
2134,Male,42,1451073,42,2,1,0,2
2135,Female,56,1437497,28,2,1,0,2
2136,Female,43,580138,46,1,0,0,1
2137,Female,26,1237639,95,0,2,0,0
2138,Female,57,868530,16,3,3,0,3
2139,Male,48,1323938,42,2,1,0,2
2140,Male,45,1485120,42,2,1,0,2
2141,Male,28,1332507,96,0,2,0,0
2142,Female,25,1137482,97,0,2,0,0
2143,Male,22,1244454,84,0,2,0,0
2144,Male,23,1167569,80,0,2,0,0
2145,Female,55,921192,19,3,3,0,3
2146,Female,30,753608,70,4,4,0,4
2147,Male,33,818940,75,4,4,0,4
2148,Male,41,492932,41,1,0,0,1
2149,Female,51,1488049,40,2,1,0,2
2150,Female,38,430351,56,1,0,0,1
2151,Female,28,697171,64,4,4,0,4
2152,Male,53,832659,10,3,3,0,3
2153,Female,22,1041176,81,0,2,0,0
2154,Female,36,572289,52,1,0,0,1
2155,Female,54,870642,16,3,3,0,3
2156,Female,45,1439767,20,2,1,0,2
2157,Male,40,484693,46,1,0,0,1
2158,Male,22,1192854,84,0,2,0,0
2159,Female,59,935696,21,3,3,0,3
2160,Male,52,1229976,45,2,1,0,2
2161,Female,29,1396245,87,0,2,0,0
2162,Female,18,1002213,91,0,2,0,0
2163,Female,38,514065,50,1,0,0,1
2164,Female,27,1370709,85,0,2,0,0
2165,Female,26,1445901,85,0,2,0,0
2166,Female,47,536370,48,1,0,0,1
2167,Male,57,871942,19,3,3,0,3
2168,Male,23,1131252,83,0,2,0,0
2169,Female,60,808123,28,3,3,0,3
2170,Female,26,1090583,87,0,2,0,0
2171,Female,52,1361472,28,2,1,0,2
2172,Female,36,656462,40,1,0,0,1
2173,Female,30,689593,62,4,4,0,4
2174,Female,40,515543,43,1,0,0,1
2175,Female,36,410277,53,1,0,0,1
2176,Female,27,681279,68,4,4,0,4
2177,Female,29,809564,67,4,4,0,4
2178,Male,34,721353,70,4,4,0,4
2179,Male,55,1431866,40,2,1,0,2
2180,Female,30,818192,74,4,4,0,4
2181,Male,58,1301411,38,2,1,0,2
2182,Female,43,370777,41,1,0,0,1
2183,Male,31,530181,49,1,0,0,1
2184,Male,49,527097,38,1,0,0,1
2185,Male,59,1025704,13,3,3,0,3
2186,Female,59,1471671,28,2,1,0,2
2187,Male,47,628947,61,1,0,0,1
2188,Male,21,1206018,85,0,2,0,0
2189,Male,33,849055,71,4,4,0,4
2190,Male,30,497592,52,1,0,0,1
2191,Female,30,577653,74,4,4,0,4
2192,Female,26,1109791,87,0,2,0,0
2193,Male,24,1197601,84,0,2,0,0
2194,Male,37,867905,91,4,4,0,4
2195,Male,57,1475916,39,2,1,0,2
2196,Male,55,1487428,33,2,1,0,2
2197,Female,23,1329055,74,0,2,0,0
2198,Female,33,1210931,72,0,2,0,0
2199,Female,48,1287607,20,2,1,0,2
2200,Female,39,420075,50,1,0,0,1
2201,Female,34,815950,64,4,4,0,4
2202,Male,40,1426502,34,2,1,0,2
2203,Female,28,676587,56,4,4,0,4
2204,Male,32,755968,68,4,4,0,4
2205,Male,52,1498721,29,2,1,0,2
2206,Female,24,1249438,75,0,2,0,0
2207,Male,38,500350,51,1,0,0,1
2208,Female,32,788301,74,4,4,0,4
2209,Female,37,748177,84,4,4,0,4
2210,Male,30,738335,80,4,4,0,4
2211,Female,48,360945,43,1,0,0,1
2212,Male,61,658885,18,3,3,0,3
2213,Female,42,560932,59,1,0,0,1
2214,Male,60,862139,17,3,3,0,3
2215,Male,56,899522,23,3,3,0,3
2216,Male,53,914820,24,3,3,0,3
2217,Female,45,469346,57,1,0,0,1
2218,Male,56,1451770,40,2,1,0,2
2219,Male,27,1215601,87,0,2,0,0
2220,Male,43,1500000,30,2,1,0,2
2221,Female,27,1194967,87,0,2,0,0
2222,Male,29,1093469,78,0,2,0,0
2223,Male,19,1059219,90,0,2,0,0
2224,Male,60,843237,24,3,3,0,3
2225,Female,27,1246520,78,0,2,0,0
2226,Male,67,933555,10,3,3,0,3
2227,Female,29,1225674,82,0,2,0,0
2228,Female,33,813734,57,4,4,0,4
2229,Female,39,604541,44,1,0,0,1
2230,Male,37,813363,62,4,4,0,4
2231,Male,56,948937,30,3,3,0,3
2232,Male,52,1341739,55,2,1,0,2
2233,Male,40,463730,45,1,0,0,1
2234,Female,55,912964,23,3,3,0,3
2235,Male,23,1069481,90,0,2,0,0
2236,Female,28,1233000,83,0,2,0,0
2237,Male,30,1096129,84,0,2,0,0
2238,Female,58,777804,16,3,3,0,3
2239,Male,45,548438,41,1,0,0,1
2240,Female,27,723177,63,4,4,0,4
2241,Female,57,1336990,33,2,1,0,2
2242,Male,40,409990,57,1,0,0,1
2243,Female,53,928360,13,3,3,0,3
2244,Female,51,1338366,15,2,1,0,2
2245,Female,27,1071646,92,0,2,0,0
2246,Male,34,551305,58,1,0,0,1
2247,Female,34,658552,71,4,4,0,4
2248,Male,58,953518,23,3,3,0,3
2249,Male,37,518832,44,1,0,0,1
2250,Female,49,1500000,23,2,1,0,2
2251,Female,25,1140124,89,0,2,0,0
2252,Male,29,582270,71,4,4,0,4
2253,Male,52,995163,16,3,3,0,3
2254,Female,23,1077671,83,0,2,0,0
2255,Male,57,939255,16,3,3,0,3
2256,Female,46,1500000,33,2,1,0,2
2257,Female,25,1500000,87,0,2,0,0
2258,Male,39,637831,54,1,0,0,1
2259,Female,24,1232725,84,0,2,0,0
2260,Male,53,830342,19,3,3,0,3
2261,Female,52,1500000,42,2,1,0,2
2262,Male,54,1447177,31,2,1,0,2
2263,Male,56,1328240,48,2,1,0,2
2264,Male,52,843430,19,3,3,0,3
2265,Male,62,1500000,30,2,1,0,2
2266,Male,25,730230,82,4,4,0,4
2267,Male,24,1160013,77,0,2,0,0
2268,Male,51,1338312,37,2,1,0,2
2269,Female,21,1128303,90,0,2,0,0
2270,Male,43,347293,48,1,0,0,1
2271,Male,54,1322140,41,2,1,0,2
2272,Female,27,916895,79,4,4,0,4
2273,Male,52,1302382,46,2,1,0,2
2274,Male,49,1447952,29,2,1,0,2
2275,Female,52,1359727,23,2,1,0,2
2276,Male,26,1333148,79,0,2,0,0
2277,Male,64,1156365,24,3,3,0,3
2278,Female,48,1439398,35,2,1,0,2
2279,Male,48,1298088,40,2,1,0,2
2280,Female,60,845955,24,3,3,0,3
2281,Male,22,1335419,80,0,2,0,0
2282,Male,54,868146,23,3,3,0,3
2283,Female,40,1500000,37,2,1,0,2
2284,Female,28,1132232,82,0,2,0,0
2285,Female,31,1154369,96,0,2,0,0
2286,Male,41,570896,52,1,0,0,1
2287,Male,44,1274474,43,2,1,0,2
2288,Female,26,1305571,84,0,2,0,0
2289,Male,43,468764,40,1,0,0,1
2290,Male,51,1372305,30,2,1,0,2
2291,Male,39,403903,55,1,0,0,1
2292,Female,31,674033,59,4,4,0,4
2293,Male,43,1444270,30,2,1,0,2
2294,Male,29,1190020,81,0,2,0,0
2295,Female,46,1264852,52,2,1,0,2
2296,Female,28,1225563,82,0,2,0,0
2297,Female,31,778814,82,4,4,0,4
2298,Male,33,756492,87,4,4,0,4
2299,Female,46,1498128,37,2,1,0,2
2300,Male,61,888046,24,3,3,0,3
2301,Male,29,1186395,80,0,2,0,0
2302,Female,27,1255985,85,0,2,0,0
2303,Female,33,578736,55,1,0,0,1
2304,Female,46,1279503,31,2,1,0,2
2305,Male,22,1215805,87,0,2,0,0
2306,Male,60,848604,27,3,3,0,3
2307,Male,55,1500000,27,2,1,0,2
2308,Female,21,1030689,89,0,2,0,0
2309,Male,54,884722,20,3,3,0,3
2310,Female,28,1155660,86,0,2,0,0
2311,Female,55,1408081,43,2,1,0,2
2312,Female,36,588140,45,1,0,0,1
2313,Female,50,1500000,22,2,1,0,2
2314,Female,36,1441154,46,2,1,0,2
2315,Male,30,660707,63,4,4,0,4
2316,Female,32,878182,65,4,4,0,4
2317,Female,36,734357,76,4,4,0,4
2318,Female,25,1388890,95,0,2,0,0
2319,Male,52,472448,45,1,0,0,1
2320,Male,56,959534,26,3,3,0,3
2321,Male,48,1364866,29,2,1,0,2
2322,Female,35,668532,84,4,4,0,4
2323,Female,51,1333127,38,2,1,0,2
2324,Male,58,1500000,33,2,1,0,2
2325,Male,41,433879,47,1,0,0,1
2326,Female,30,1169832,87,0,2,0,0
2327,Male,28,705251,70,4,4,0,4
2328,Female,39,618441,39,1,0,0,1
2329,Male,45,1193533,32,2,1,0,2
2330,Female,36,366923,33,1,0,0,1
2331,Female,54,1500000,29,2,1,0,2
2332,Male,26,1146450,84,0,2,0,0
2333,Female,22,1189579,88,0,2,0,0
2334,Male,24,1266934,84,0,2,0,0
2335,Female,22,1213443,88,0,2,0,0
2336,Male,32,802591,59,4,4,0,4
2337,Male,41,1382915,24,2,1,0,2
2338,Female,50,462224,58,1,0,0,1
2339,Male,32,791616,72,4,4,0,4
2340,Male,59,831885,35,3,3,0,3
2341,Male,39,635201,43,1,0,0,1
2342,Female,22,1194199,88,0,2,0,0
2343,Female,62,727530,16,3,3,0,3
2344,Male,26,767323,72,4,4,0,4
2345,Female,34,846161,82,4,4,0,4
2346,Male,33,565261,47,1,0,0,1
2347,Female,22,1133023,79,0,2,0,0
2348,Male,49,1485872,37,2,1,0,2
2349,Male,27,1153516,76,0,2,0,0
2350,Male,49,1343056,35,2,1,0,2
2351,Male,28,767287,66,4,4,0,4
2352,Female,37,846902,72,4,4,0,4
2353,Male,33,747095,73,4,4,0,4
2354,Male,38,783227,57,4,4,0,4
2355,Male,27,1387465,99,0,2,0,0
2356,Female,53,1348069,13,2,1,0,2
2357,Female,45,1500000,33,2,1,0,2
2358,Male,60,759659,26,3,3,0,3
2359,Male,25,1133436,74,0,2,0,0
2360,Male,46,341749,44,1,0,0,1
2361,Female,23,1213384,88,0,2,0,0
2362,Male,42,544022,44,1,0,0,1
2363,Male,60,900534,25,3,3,0,3
2364,Female,46,1223131,28,2,1,0,2
2365,Male,23,612481,74,4,4,0,4
2366,Female,47,523855,63,1,0,0,1
2367,Female,43,1426393,36,2,1,0,2
2368,Male,55,782027,14,3,3,0,3
2369,Male,27,1200540,82,0,2,0,0
2370,Male,57,771535,14,3,3,0,3
2371,Female,25,1283019,96,0,2,0,0
2372,Male,31,715320,77,4,4,0,4
2373,Male,44,385167,48,1,0,0,1
2374,Male,41,546041,44,1,0,0,1
2375,Female,64,829925,24,3,3,0,3
2376,Female,31,1342228,88,0,2,0,0
2377,Female,64,847784,14,3,3,0,3
2378,Male,24,1278907,80,0,2,0,0
2379,Female,61,809305,22,3,3,0,3
2380,Female,41,546466,56,1,0,0,1
2381,Male,61,881904,19,3,3,0,3
2382,Male,26,1199017,83,0,2,0,0
2383,Female,36,441370,59,1,0,0,1
2384,Male,28,770332,68,4,4,0,4
2385,Male,36,441276,41,1,0,0,1
2386,Male,39,513748,27,1,0,0,1
2387,Male,43,1491371,35,2,1,0,2
2388,Male,47,520980,65,1,0,0,1
2389,Male,33,497199,82,4,4,0,4
2390,Female,37,586742,41,1,0,0,1
2391,Female,45,463208,46,1,0,0,1
2392,Male,43,490951,64,1,0,0,1
2393,Female,28,799412,64,4,4,0,4
2394,Male,19,1316687,79,0,2,0,0
2395,Female,46,579754,40,1,0,0,1
2396,Male,54,1059519,30,3,3,0,3
2397,Male,52,1494979,41,2,1,0,2
2398,Male,55,1482728,30,2,1,0,2
2399,Male,27,684565,88,4,4,0,4
2400,Female,52,1500000,41,2,1,0,2
2401,Male,28,1034336,97,0,2,0,0
2402,Male,42,586263,44,1,0,0,1
2403,Male,57,678851,32,3,3,0,3
2404,Male,60,844765,19,3,3,0,3
2405,Male,62,873440,21,3,3,0,3
2406,Female,43,523196,57,1,0,0,1
2407,Female,47,349364,38,1,0,0,1
2408,Female,25,1323726,85,0,2,0,0
2409,Male,38,710921,73,4,4,0,4
2410,Female,49,1288020,24,2,1,0,2
2411,Male,42,1277779,35,2,1,0,2
2412,Male,49,1460898,27,2,1,0,2
2413,Female,35,587063,54,1,0,0,1
2414,Female,61,909018,16,3,3,0,3
2415,Female,61,951300,27,3,3,0,3
2416,Male,28,628633,79,4,4,0,4
2417,Female,41,452405,44,1,0,0,1
2418,Female,30,898105,70,4,4,0,4
2419,Female,31,813597,61,4,4,0,4
2420,Female,28,610642,75,4,4,0,4
2421,Male,57,775522,22,3,3,0,3
2422,Male,26,1297456,77,0,2,0,0
2423,Female,22,1050229,90,0,2,0,0
2424,Male,24,718533,74,4,4,0,4
2425,Male,44,825377,22,3,3,-1,3
2426,Female,27,1163730,84,0,2,0,0
2427,Female,40,918153,70,4,4,0,4
2428,Female,35,495813,44,1,0,0,1
2429,Female,30,829102,68,4,4,0,4
2430,Male,47,1490387,37,2,1,0,2
2431,Male,42,498680,64,1,0,0,1
2432,Female,37,456016,47,1,0,0,1
2433,Female,22,1213398,82,0,2,0,0
2434,Male,27,1207929,90,0,2,0,0
2435,Female,38,585065,62,1,0,0,1
2436,Male,22,1204057,86,0,2,0,0
2437,Male,32,936366,58,4,4,0,4
2438,Male,56,1345212,40,2,1,0,2
2439,Male,35,505375,43,1,0,0,1
2440,Male,36,567297,48,1,0,0,1
2441,Male,52,1500000,32,2,1,0,2
2442,Female,35,956653,66,4,4,0,4
2443,Female,50,1389625,35,2,1,0,2
2444,Male,43,413610,48,1,0,0,1
2445,Male,36,469323,44,1,0,0,1
2446,Female,37,567705,51,1,0,0,1
2447,Male,54,1234331,46,2,1,0,2
2448,Female,39,871765,79,4,4,0,4
2449,Female,42,620766,41,1,0,0,1
2450,Male,44,555093,54,1,0,0,1
2451,Female,39,463202,63,1,0,0,1
2452,Male,60,826982,35,3,3,0,3
2453,Male,62,777613,16,3,3,0,3
2454,Female,32,1236428,86,0,2,0,0
2455,Male,54,856932,17,3,3,0,3
2456,Female,29,907316,77,4,4,0,4
2457,Male,36,514659,55,1,0,0,1
2458,Female,26,846263,87,4,2,0,4
2459,Female,39,776090,66,4,4,0,4
2460,Male,32,618407,54,4,4,0,4
2461,Female,60,626634,15,3,3,0,3
2462,Male,47,1459899,38,2,1,0,2
2463,Female,64,694203,25,3,3,0,3
2464,Female,43,592070,51,1,0,0,1
2465,Female,45,493680,44,1,0,0,1
2466,Male,29,677166,63,4,4,0,4
2467,Female,60,863509,26,3,3,0,3
2468,Male,25,1225097,90,0,2,0,0
2469,Male,32,925202,69,4,4,0,4
2470,Male,51,888088,19,3,3,0,3
2471,Female,54,1068376,12,3,3,0,3
2472,Male,32,700231,69,4,4,0,4
2473,Female,24,1144178,81,0,2,0,0
2474,Female,27,1154790,86,0,2,0,0
2475,Female,24,1165222,78,0,2,0,0
2476,Female,27,682433,69,4,4,0,4
2477,Female,43,1177679,38,2,1,0,2
2478,Female,31,738178,67,4,4,0,4
2479,Female,19,1384790,87,0,2,0,0
2480,Male,37,618398,47,1,0,0,1
2481,Female,33,754483,78,4,4,0,4
2482,Male,49,1424669,28,2,1,0,2
2483,Male,25,1255427,82,0,2,0,0
2484,Female,53,1500000,27,2,1,0,2
2485,Male,43,499925,41,1,0,0,1
2486,Female,57,1360447,25,2,1,0,2
2487,Male,54,801805,17,3,3,0,3
2488,Male,35,863776,65,4,4,0,4
2489,Female,57,1500000,47,2,1,0,2
2490,Female,35,678580,48,1,0,0,1
2491,Female,25,1293880,99,0,2,0,0
2492,Female,38,923041,79,4,4,0,4
2493,Female,48,1178161,35,2,1,0,2
2494,Female,26,808019,77,4,4,0,4
2495,Female,61,880878,25,3,3,0,3
2496,Female,48,451243,43,1,0,0,1
2497,Male,55,1045936,16,3,3,0,3
2498,Female,54,1354758,32,2,1,0,2
2499,Female,49,1480254,43,2,1,0,2
2500,Female,59,871870,23,3,3,0,3
2501,Male,53,551728,16,3,3,-1,3
2502,Male,20,1400624,91,0,2,0,0
2503,Female,36,592440,31,1,0,0,1
2504,Female,43,468804,52,1,0,0,1
2505,Female,55,894606,19,3,3,0,3
2506,Female,59,950948,26,3,3,0,3
2507,Female,26,1193384,84,0,2,0,0
2508,Male,27,1145247,76,0,2,0,0
2509,Female,38,436956,41,1,0,0,1
2510,Male,31,758222,59,4,4,0,4
2511,Female,26,1287219,70,0,2,0,0
2512,Male,46,1415153,34,2,1,0,2
2513,Male,59,841636,17,3,3,0,3
2514,Female,41,440273,48,1,0,0,1
2515,Female,23,1189889,82,0,2,0,0
2516,Female,25,717939,66,4,4,0,4
2517,Male,31,1335101,86,0,2,0,0
2518,Male,53,904960,21,3,3,0,3
2519,Female,43,602768,38,1,0,0,1
2520,Male,36,450051,32,1,0,0,1
2521,Male,32,817037,67,4,4,0,4
2522,Male,28,678454,72,4,4,0,4
2523,Female,27,723741,78,4,4,0,4
2524,Female,39,553619,75,4,4,0,4
2525,Male,33,750892,51,4,4,0,4
2526,Male,35,597755,64,4,0,0,4
2527,Female,43,430513,39,1,0,0,1
2528,Male,57,931145,18,3,3,0,3
2529,Female,45,1387738,32,2,1,0,2
2530,Male,55,783144,20,3,3,0,3
2531,Male,22,1193631,80,0,2,0,0
2532,Male,48,1484909,22,2,1,0,2
2533,Female,42,579641,50,1,0,0,1
2534,Female,25,1146547,70,0,2,0,0
2535,Male,28,1276513,81,0,2,0,0
2536,Female,36,615411,43,1,0,0,1
2537,Male,58,766813,19,3,3,0,3
2538,Female,32,641481,83,4,4,0,4
2539,Male,35,766443,82,4,4,0,4
2540,Female,40,507827,44,1,0,0,1
2541,Female,45,612731,55,1,0,0,1
2542,Male,52,1217220,33,2,1,0,2
2543,Male,25,1261068,89,0,2,0,0
2544,Female,20,789847,73,4,4,0,4
2545,Female,30,578446,63,4,4,0,4
2546,Female,39,581717,36,1,0,0,1
2547,Female,27,1083931,65,0,4,0,0
2548,Female,42,1211417,24,2,1,0,2
2549,Male,28,869868,67,4,4,0,4
2550,Female,41,628936,74,4,4,0,4
2551,Female,44,1461556,38,2,1,0,2
2552,Male,39,399467,59,1,0,0,1
2553,Male,27,803173,78,4,4,0,4
2554,Female,62,938318,22,3,3,0,3
2555,Female,38,553385,40,1,0,0,1
2556,Female,41,1209799,33,2,1,0,2
2557,Male,55,886632,9,3,3,0,3
2558,Female,51,956192,25,3,3,0,3
2559,Female,36,583618,80,4,4,0,4
2560,Female,64,1120736,16,3,3,0,3
2561,Male,45,361291,22,1,0,-1,1
2562,Female,25,1359363,93,0,2,0,0
2563,Male,26,677711,79,4,4,0,4
2564,Male,26,1228528,75,0,2,0,0
2565,Female,43,672967,47,1,0,0,1
2566,Female,65,910373,33,3,3,0,3
2567,Female,37,532000,39,1,0,0,1
2568,Female,60,769557,31,3,3,0,3
2569,Female,22,1211097,86,0,2,0,0
2570,Male,25,1163152,90,0,2,0,0
2571,Male,44,503596,58,1,0,0,1
2572,Male,56,999781,30,3,3,0,3
2573,Female,25,1318447,66,0,2,0,0
2574,Male,50,765771,12,3,3,0,3
2575,Male,33,816330,68,4,4,0,4
2576,Female,47,415836,35,1,0,0,1
2577,Female,57,940069,23,3,3,0,3
2578,Female,54,1307052,29,2,1,0,2
2579,Female,45,582201,52,1,0,0,1
2580,Female,30,953908,83,4,4,0,4
2581,Female,24,1206821,75,0,2,0,0
2582,Male,61,870458,23,3,3,0,3
2583,Male,33,685986,69,4,4,0,4
2584,Female,53,1473645,34,2,1,0,2
2585,Male,61,850554,26,3,3,0,3
2586,Male,44,1484463,50,2,1,0,2
2587,Male,63,973754,8,3,3,0,3
2588,Female,28,1215775,84,0,2,0,0
2589,Male,58,899201,14,3,3,0,3
2590,Male,35,626004,61,4,0,0,4
2591,Male,31,750274,67,4,4,0,4
2592,Female,34,648675,57,4,4,0,4
2593,Male,59,1004719,35,3,3,0,3
2594,Male,24,1014992,78,0,2,0,0
2595,Male,24,1267261,73,0,2,0,0
2596,Male,25,889486,82,4,4,0,4
2597,Female,55,1009257,14,3,3,0,3
2598,Male,55,873216,18,3,3,0,3
2599,Male,60,940266,18,3,3,0,3
2600,Female,51,470238,60,1,0,0,1
2601,Male,59,976618,30,3,3,0,3
2602,Female,24,1254901,83,0,2,0,0
2603,Male,44,518861,60,1,0,0,1
2604,Female,51,1500000,44,2,1,0,2
2605,Male,34,886462,75,4,4,0,4
2606,Male,64,796750,24,3,3,0,3
2607,Female,54,785512,19,3,3,0,3
2608,Male,59,888208,29,3,3,0,3
2609,Male,44,579631,39,1,0,0,1
2610,Male,53,1272465,34,2,1,0,2
2611,Male,55,1437326,46,2,1,0,2
2612,Male,49,1500000,35,2,1,0,2
2613,Female,48,766378,68,1,0,-1,1
2614,Female,28,1145005,79,0,2,0,0
2615,Male,27,1416664,90,0,2,0,0
2616,Male,52,905452,23,3,3,0,3
2617,Male,42,1255060,34,2,1,0,2
2618,Male,43,1261373,26,2,1,0,2
2619,Male,60,1017304,21,3,3,0,3
2620,Female,62,830325,18,3,3,0,3
2621,Female,40,543161,37,1,0,0,1
2622,Male,30,814704,64,4,4,0,4
2623,Female,50,1346381,25,2,1,0,2
2624,Female,63,854815,23,3,3,0,3
2625,Female,28,1291589,77,0,2,0,0
2626,Female,31,779395,51,4,4,0,4
2627,Male,40,1390458,29,2,1,0,2
2628,Female,20,1226791,100,0,2,0,0
2629,Female,52,720230,24,3,3,0,3
2630,Female,22,992156,95,0,2,0,0
2631,Female,28,679484,62,4,4,0,4
2632,Female,23,1380565,81,0,2,0,0
2633,Male,24,768032,57,4,4,0,4
2634,Male,63,1004952,36,3,3,0,3
2635,Female,50,1491323,44,2,1,0,2
2636,Female,46,1492937,31,2,1,0,2
2637,Male,23,1064667,76,0,2,0,0
2638,Male,40,558744,30,1,0,0,1
2639,Female,28,725295,64,4,4,0,4
2640,Male,24,1273889,77,0,2,0,0
2641,Male,49,869595,22,3,3,0,3
2642,Female,48,534709,40,1,0,0,1
2643,Female,31,678697,66,4,4,0,4
2644,Male,26,1089411,78,0,2,0,0
2645,Male,41,438227,44,1,0,0,1
2646,Female,49,1045880,20,3,3,0,3
2647,Female,29,805122,77,4,4,0,4
2648,Male,44,413630,42,1,0,0,1
2649,Female,25,1306122,88,0,2,0,0
2650,Female,25,516284,69,4,4,0,4
2651,Female,39,470032,41,1,0,0,1
2652,Male,59,1477552,36,2,1,0,2
2653,Female,53,1345032,40,2,1,0,2
2654,Female,25,1241353,83,0,2,0,0
2655,Female,34,763939,68,4,4,0,4
2656,Male,48,1341296,20,2,1,0,2
2657,Male,56,1056067,18,3,3,0,3
2658,Male,37,723982,75,4,4,0,4
2659,Male,23,1254201,86,0,2,0,0
2660,Male,55,960695,25,3,3,0,3
2661,Female,58,984343,26,3,3,0,3
2662,Female,58,841222,14,3,3,0,3
2663,Male,60,987752,34,3,3,0,3
2664,Female,26,1257685,89,0,2,0,0
2665,Male,25,1159276,80,0,2,0,0
2666,Female,34,867044,54,4,4,0,4
2667,Male,29,661550,63,4,4,0,4
2668,Female,58,889167,17,3,3,0,3
2669,Female,29,859269,77,4,4,0,4
2670,Female,26,632672,73,4,4,0,4
2671,Female,32,957113,82,4,4,0,4
2672,Female,63,951535,26,3,3,0,3
2673,Female,25,786049,72,4,4,0,4
2674,Male,44,1465603,33,2,1,0,2
2675,Male,46,336902,54,1,0,0,1
2676,Female,23,1191250,78,0,2,0,0
2677,Female,33,695956,82,4,4,0,4
2678,Female,26,1081362,90,0,2,0,0
2679,Male,57,710411,17,3,3,0,3
2680,Female,37,860319,67,4,4,0,4
2681,Female,27,695206,67,4,4,0,4
2682,Male,35,576059,57,1,0,0,1
2683,Male,52,1032281,11,3,3,0,3
2684,Female,56,1486625,45,2,1,0,2
2685,Male,57,905323,26,3,3,0,3
2686,Male,28,1401303,71,0,2,0,0
2687,Male,49,1439586,28,2,1,0,2
2688,Male,39,484934,36,1,0,0,1
2689,Male,27,760157,58,4,4,0,4
2690,Male,31,643807,73,4,4,0,4
2691,Male,48,1290194,39,2,1,0,2
2692,Male,44,1500000,31,2,1,0,2
2693,Female,45,467692,47,1,0,0,1
2694,Male,54,1000538,28,3,3,0,3
2695,Female,24,1253513,91,0,2,0,0
2696,Female,63,681581,15,3,3,0,3
2697,Male,27,765179,61,4,4,0,4
2698,Female,50,766685,23,3,3,0,3
2699,Male,31,708779,72,4,4,0,4
2700,Female,38,594748,38,1,0,0,1
2701,Female,41,526012,61,1,0,0,1
2702,Female,35,488490,59,1,0,0,1
2703,Male,35,845906,61,4,4,0,4
2704,Male,46,477592,40,1,0,0,1
2705,Female,35,636243,66,4,0,0,4
2706,Male,38,523910,47,1,0,0,1
2707,Male,35,582229,80,4,4,0,4
2708,Female,48,397582,46,1,0,0,1
2709,Male,22,1123908,86,0,2,0,0
2710,Male,50,402756,51,1,0,0,1
2711,Male,54,935875,11,3,3,0,3
2712,Female,35,634602,74,4,4,0,4
2713,Male,50,711383,27,3,3,0,3
2714,Male,49,1500000,34,2,1,0,2
2715,Female,55,1488373,34,2,1,0,2
2716,Female,63,1466271,31,2,1,0,2
2717,Female,25,1333717,84,0,2,0,0
2718,Male,28,717004,70,4,4,0,4
2719,Male,21,842448,71,4,4,0,4
2720,Female,29,1373637,98,0,2,0,0
2721,Female,24,1019504,79,0,2,0,0
2722,Male,32,474653,66,4,4,0,4
2723,Female,43,589694,47,1,0,0,1
2724,Male,36,536950,32,1,0,0,1
2725,Female,24,1103324,85,0,2,0,0
2726,Male,59,841181,23,3,3,0,3
2727,Female,35,626114,31,1,0,0,1
2728,Male,53,1286813,35,2,1,0,2
2729,Male,50,1416191,32,2,1,0,2
2730,Female,27,1143863,77,0,2,0,0
2731,Female,38,525425,42,1,0,0,1
2732,Male,54,1335386,32,2,1,0,2
2733,Male,37,432065,52,1,0,0,1
2734,Male,48,1249483,33,2,1,0,2
2735,Female,40,715790,77,4,4,0,4
2736,Male,23,1238085,85,0,2,0,0
2737,Female,49,1500000,29,2,1,0,2
2738,Female,37,522381,33,1,0,0,1
2739,Female,51,1359797,33,2,1,0,2
2740,Female,55,751927,30,3,3,0,3
2741,Male,33,469686,64,4,4,0,1
2742,Female,58,951939,28,3,3,0,3
2743,Female,55,1500000,32,2,1,0,2
2744,Female,31,749828,68,4,4,0,4
2745,Female,42,593703,39,1,0,0,1
2746,Female,18,1315541,80,0,2,0,0
2747,Male,33,498638,42,1,0,0,1
2748,Female,41,618994,50,1,0,0,1
2749,Male,50,1327153,34,2,1,0,2
2750,Male,51,1498286,28,2,1,0,2
2751,Male,33,699248,81,4,4,0,4
2752,Female,63,1373755,30,2,1,0,2
2753,Male,54,771872,18,3,3,0,3
2754,Male,40,1490811,33,2,1,0,2
2755,Male,28,728995,68,4,4,0,4
2756,Female,38,899013,71,4,4,0,4
2757,Male,57,1450056,33,2,1,0,2
2758,Female,32,1231916,86,0,2,0,0
2759,Male,54,1320789,49,2,1,0,2
2760,Male,41,584236,48,1,0,0,1
2761,Female,22,1216323,68,0,2,0,0
2762,Female,43,541217,43,1,0,0,1
2763,Male,51,1281319,29,2,1,0,2
2764,Male,37,627163,47,1,0,0,1
2765,Male,28,667003,67,4,4,0,4
2766,Male,35,925749,80,4,4,0,4
2767,Female,54,992125,16,3,3,0,3
2768,Male,44,535279,67,1,0,0,1
2769,Male,30,768693,53,4,4,0,4
2770,Male,27,1332211,95,0,2,0,0
2771,Female,42,523325,53,1,0,0,1
2772,Female,58,997984,22,3,3,0,3
2773,Male,45,1369555,33,2,1,0,2
2774,Female,54,1463470,30,2,1,0,2
2775,Female,26,1278682,81,0,2,0,0
2776,Female,50,1308138,40,2,1,0,2
2777,Female,27,1356231,88,0,2,0,0
2778,Female,47,922898,20,3,3,0,3
2779,Male,22,1336593,81,0,2,0,0
2780,Female,30,1062659,87,0,2,0,0
2781,Male,30,1229327,92,0,2,0,0
2782,Female,55,953414,21,3,3,0,3
2783,Male,60,1245159,27,2,3,0,2
2784,Female,33,545193,56,1,0,0,1
2785,Female,41,481909,64,1,0,0,1
2786,Female,47,581796,50,1,0,0,1
2787,Female,29,693812,78,4,4,0,4
2788,Female,41,566735,54,1,0,0,1
2789,Female,38,742015,71,4,4,0,4
2790,Female,43,554913,44,1,0,0,1
2791,Female,42,593259,44,1,0,0,1
2792,Female,27,765695,56,4,4,0,4
2793,Female,50,557293,49,1,0,0,1
2794,Male,58,1112605,16,3,3,0,3
2795,Male,46,792807,53,1,0,0,1
2796,Male,58,1258419,34,2,1,0,2
2797,Male,56,944660,22,3,3,0,3
2798,Female,25,1118008,80,0,2,0,0
2799,Male,51,1487405,30,2,1,0,2
2800,Male,52,995379,17,3,3,0,3
2801,Female,42,752047,42,1,0,0,1
2802,Female,45,510147,38,1,0,0,1
2803,Female,31,636724,68,4,4,0,4
2804,Male,38,831217,58,4,4,0,4
2805,Male,43,510436,44,1,0,0,1
2806,Male,57,1360052,38,2,1,0,2
2807,Male,56,862371,11,3,3,0,3
2808,Female,28,830864,68,4,4,0,4
2809,Female,45,599645,43,1,0,0,1
2810,Female,49,1369966,28,2,1,0,2
2811,Male,62,913682,21,3,3,0,3
2812,Female,52,832779,10,3,3,0,3
2813,Female,46,529808,51,1,0,0,1
2814,Female,25,1220976,89,0,2,0,0
2815,Male,55,972233,19,3,3,0,3
2816,Male,50,343280,50,1,0,0,1
2817,Male,35,487532,51,1,0,0,1
2818,Male,56,995614,15,3,3,0,3
2819,Male,42,264097,47,1,0,0,1
2820,Female,44,468882,60,1,0,0,1
2821,Male,54,917122,18,3,3,0,3
2822,Male,27,864334,81,4,4,0,4
2823,Female,39,868390,54,4,4,0,4
2824,Female,43,474052,47,1,0,0,1
2825,Male,40,474505,41,1,0,0,1
2826,Female,36,631612,62,4,0,0,4
2827,Female,55,1494052,32,2,1,0,2
2828,Female,42,594714,47,1,0,0,1
2829,Female,47,1373972,35,2,1,0,2
2830,Female,39,390542,47,1,0,0,1
2831,Male,39,563594,55,1,0,0,1
2832,Male,46,560218,58,1,0,0,1
2833,Male,33,664849,60,4,4,0,4
2834,Male,26,815964,66,4,4,0,4
2835,Male,46,407872,48,1,0,0,1
2836,Male,52,872990,31,3,3,0,3
2837,Male,63,770962,18,3,3,0,3
2838,Male,36,866676,82,4,4,0,4
2839,Male,43,591371,32,1,0,0,1
2840,Female,27,703122,80,4,4,0,4
2841,Male,34,823034,74,4,4,0,4
2842,Male,24,636069,78,4,4,0,4
2843,Female,47,1436916,45,2,1,0,2
2844,Male,34,632309,50,1,0,0,1
2845,Male,50,488747,42,1,0,0,1
2846,Female,27,699871,75,4,4,0,4
2847,Female,65,790236,27,3,3,0,3
2848,Female,28,1186975,82,0,2,0,0
2849,Male,46,448359,48,1,0,0,1
2850,Male,25,590875,61,4,4,0,4
2851,Female,31,749002,69,4,4,0,4
2852,Male,28,784607,66,4,4,0,4
2853,Female,40,506952,46,1,0,0,1
2854,Male,53,1500000,36,2,1,0,2
2855,Female,21,1165480,82,0,2,0,0
2856,Female,66,1048378,27,3,3,0,3
2857,Male,26,1001681,70,4,4,0,0
2858,Female,27,601289,69,4,4,0,4
2859,Male,62,765110,18,3,3,0,3
2860,Male,44,565175,53,1,0,0,1
2861,Male,55,1246258,31,2,1,0,2
2862,Male,57,909359,24,3,3,0,3
2863,Female,26,1248308,72,0,2,0,0
2864,Female,21,1174927,86,0,2,0,0
2865,Female,31,856781,69,4,4,0,4
2866,Female,65,823082,28,3,3,0,3
2867,Male,29,1327761,100,0,2,0,0
2868,Male,31,667630,71,4,4,0,4
2869,Female,34,757404,66,4,4,0,4
2870,Female,48,843565,29,3,3,0,3
2871,Male,37,734829,87,4,4,0,4
2872,Female,40,497371,50,1,0,0,1
2873,Male,29,770024,74,4,4,0,4
2874,Male,61,841246,32,3,3,0,3
2875,Male,34,443750,54,1,0,0,1
2876,Male,30,704276,80,4,4,0,4
2877,Male,41,1407189,36,2,1,0,2
2878,Male,28,747491,58,4,4,0,4
2879,Male,50,1487888,36,2,1,0,2
2880,Male,52,1004789,29,3,3,0,3
2881,Male,38,539471,52,1,0,0,1
2882,Female,32,762671,61,4,4,0,4
2883,Male,21,1405074,90,0,2,0,0
2884,Female,54,877575,19,3,3,0,3
2885,Male,57,1500000,29,2,1,0,2
2886,Female,27,1351939,79,0,2,0,0
2887,Female,52,1286899,42,2,1,0,2
2888,Male,49,1500000,29,2,1,0,2
2889,Female,58,1374101,34,2,1,0,2
2890,Male,43,503054,47,1,0,0,1
2891,Male,32,1049012,77,0,4,0,0
2892,Male,42,1331356,41,2,1,0,2
2893,Male,30,1203304,84,0,2,0,0
2894,Female,40,607457,55,1,0,0,1
2895,Female,28,988737,66,4,4,0,4
2896,Male,35,961679,69,4,4,0,4
2897,Male,33,322524,44,1,0,0,1
2898,Female,43,407269,41,1,0,0,1
2899,Male,44,389442,44,1,0,0,1
2900,Male,29,762159,65,4,4,0,4
2901,Female,47,1231496,24,2,1,0,2
2902,Male,44,620284,45,1,0,0,1
2903,Male,42,568739,35,1,0,0,1
2904,Male,30,860679,76,4,4,0,4
2905,Male,28,1159860,89,0,2,0,0
2906,Female,51,1477437,47,2,1,0,2
2907,Female,46,439422,43,1,0,0,1
2908,Male,27,1284158,92,0,2,0,0
2909,Female,22,1271777,80,0,2,0,0
2910,Male,54,1217992,36,2,1,0,2
2911,Male,62,804642,29,3,3,0,3
2912,Male,46,1333484,37,2,1,0,2
2913,Male,58,743131,15,3,3,0,3
2914,Female,61,1062940,19,3,3,0,3
2915,Male,56,972306,20,3,3,0,3
2916,Female,25,1304509,81,0,2,0,0
2917,Male,31,649209,71,4,4,0,4
2918,Male,47,1496608,33,2,1,0,2
2919,Male,46,656016,20,3,3,0,3
2920,Female,38,489924,33,1,0,0,1
2921,Female,23,1131387,84,0,2,0,0
2922,Male,54,833144,30,3,3,0,3
2923,Female,49,1465708,40,2,1,0,2
2924,Female,64,853803,15,3,3,0,3
2925,Male,50,1469032,33,2,1,0,2
2926,Female,27,1145859,87,0,2,0,0
2927,Female,29,1239247,88,0,2,0,0
2928,Male,40,505251,47,1,0,0,1
2929,Female,32,865671,81,4,4,0,4
2930,Female,30,706260,80,4,4,0,4
2931,Male,52,1048280,24,3,3,0,3
2932,Female,44,525053,52,1,0,0,1
2933,Female,60,767938,31,3,3,0,3
2934,Male,32,689337,66,4,4,0,4
2935,Male,62,855596,25,3,3,0,3
2936,Male,39,478554,41,1,0,0,1
2937,Female,51,1394694,26,2,1,0,2
2938,Female,46,1439986,36,2,1,0,2
2939,Female,28,1124962,81,0,2,0,0
2940,Male,59,947272,27,3,3,0,3
2941,Female,26,715176,66,4,4,0,4
2942,Male,38,315664,51,1,0,0,1
2943,Male,38,489989,50,1,0,0,1
2944,Female,58,1448992,44,2,1,0,2
2945,Female,38,321319,46,1,0,0,1
2946,Female,26,712801,82,4,4,0,4
2947,Male,27,573375,75,4,4,0,4
2948,Male,54,1447815,42,2,1,0,2
2949,Female,25,1290297,91,0,2,0,0
2950,Female,50,1491503,36,2,1,0,2
2951,Male,49,1401789,45,2,1,0,2
2952,Female,55,707100,21,3,3,0,3
2953,Male,41,743546,67,4,4,0,4
2954,Female,39,372665,45,1,0,0,1
2955,Female,46,1430616,39,2,1,0,2
2956,Male,29,788750,78,4,4,0,4
2957,Female,51,1483608,26,2,1,0,2
2958,Female,59,960112,14,3,3,0,3
2959,Female,46,625005,51,1,0,0,1
2960,Male,29,793119,78,4,4,0,4
2961,Female,43,535191,40,1,0,0,1
2962,Male,50,1409035,32,2,1,0,2
2963,Female,27,1047373,88,0,2,0,0
2964,Male,27,726998,77,4,4,0,4
2965,Female,20,999583,80,0,2,0,0
2966,Male,48,1387234,34,2,1,0,2
2967,Male,61,709913,30,3,3,0,3
2968,Female,36,687296,50,1,0,0,1
2969,Male,45,1297322,39,2,1,0,2
2970,Male,30,798426,76,4,4,0,4
2971,Male,57,862544,20,3,3,0,3
2972,Male,29,1352879,97,0,2,0,0
2973,Female,28,732596,85,4,4,0,4
2974,Male,60,945076,21,3,3,0,3
2975,Male,42,1499070,44,2,1,0,2
2976,Female,25,1247097,87,0,2,0,0
2977,Female,22,1133341,93,0,2,0,0
2978,Male,41,491515,41,1,0,0,1
2979,Female,41,1331072,23,2,1,0,2
2980,Female,55,1003423,24,3,3,0,3
2981,Female,44,444689,46,1,0,0,1
2982,Male,29,789084,81,4,4,0,4
2983,Female,35,622103,75,4,4,0,4
2984,Female,45,433757,34,1,0,0,1
2985,Male,53,1288826,44,2,1,0,2
2986,Female,62,831563,21,3,3,0,3
2987,Female,32,383144,47,1,0,0,1
2988,Male,20,1223203,95,0,2,0,0
2989,Male,26,716430,67,4,4,0,4
2990,Male,58,1496879,42,2,1,0,2
2991,Female,43,602826,48,1,0,0,1
2992,Female,25,1141985,87,0,2,0,0
2993,Male,42,435347,53,1,0,0,1
2994,Female,28,1084131,78,0,2,0,0
2995,Female,47,1435858,33,2,1,0,2
2996,Male,41,642045,41,1,0,0,1
2997,Male,57,766885,29,3,3,0,3
2998,Male,55,977146,20,3,3,0,3
2999,Male,37,439009,55,1,0,0,1
3000,Female,62,968805,17,3,3,0,3
